,WQ,nvar,var,random_state,best_layer,best_alpha,best_score,r2,adjusted_r2,corr_model,rmse,mae,smape,r2_test,corr_test,rmse_test,mae_test,smape_test
0,Chla,4,"['TB_B2B3B4', 'LH_B3B4B5', 'LH_B7B8AB11', 'B11_3']",1,5,0.09999999999999999,-0.41863679546210336,-0.11965933228141634,-0.2025970605985583,,8.519626360572248,3.6122378626831373,0.9281100968497558,-0.2522673810543601,,3.087444340204991,2.3286986498132722,0.7924321212676583
1,Chla,4,"['TB_B2B3B4', 'LH_B3B4B5', 'B11_3', 'B12_3']",1,"(5, 5)",1e-06,-1.5241188333767395,0.002995925518589626,-0.032296254109071,-1.2345029708100027e-17,6.401995568300206,2.809767308244757,0.8229845162561825,-0.00809488929252078,3.1845469161338976e-17,5.209426741495381,3.1659293306521117,0.9352248903800245
2,Chla,4,"['TB_B2B3B4', 'LH_B3B4B5', 'B11_3', 'B11_2']",1,10,1e-06,-0.08054914180670603,0.0518934111850029,0.029844420747444755,0.6466709432952947,5.907234626089005,2.9656311386927827,0.8717227405336571,-0.138609016958392,-0.017478413043268616,2.995439711562352,2.3097639313432925,0.8797927635599214
3,Chla,4,"['TB_B2B3B4', 'LH_B3B4B5', 'LH_B7B8AB11', 'B8A_3']",1,"(10, 10)",1e-06,-0.13907501909690168,-0.0037598896827268913,-0.021141013313596746,,5.416540837451567,2.6622450445274346,0.8398570562746374,-0.00654843350486467,1.894246715321387e-17,2.4348872350598962,1.9442617064062053,0.7337411727508283
4,Chla,4,"['TB_B2B3B4', 'LH_B3B4B5', 'B8A_3', 'LH_B1B2B3']",1,2,1e-06,0.005155807648482091,0.2044455088872783,0.1934723434926201,0.5243981894721002,4.5453351873041985,2.518996925932405,0.8147535126926323,0.1323778195152845,0.39434853425338773,3.9020970654610143,1.9727334775548162,0.5545547838752247
0,Chla,5,"['TB_B2B3B4', 'LH_B3B4B5', 'LH_B7B8AB11', 'B11_3', 'B12_3']",1,"(4, 4)",0.09999999999999999,-0.22924033475995437,-0.034039421765537536,-0.13159031061134296,,8.519626360572248,3.6122378626831373,0.9281100968497558,-0.21925636130854476,,3.087444340204991,2.3286986498132722,0.7924321212676583
1,Chla,5,"['TB_B2B3B4', 'LH_B3B4B5', 'B11_3', 'B12_3', 'B11_2']",1,5,0.09999999999999999,-0.9672982707532489,0.4421344595983575,0.41722974797328416,0.818667236251383,4.930811676007744,2.728617289165128,0.8248838878173732,0.24006318261613646,0.5679192143127249,4.481557403930176,2.9298205692259485,0.8959891821835049
2,Chla,5,"['TB_B2B3B4', 'LH_B3B4B5', 'B11_3', 'B11_2', 'B8A_3']",1,2,0.09999999999999999,-0.10639100708738969,0.18383234860982023,0.1599677973995811,0.6384243098994253,5.547778699463523,2.9790609225317155,0.8792307570554996,-0.4266012846751155,-0.129961829360955,3.4230547072053867,2.7463289081809514,0.9436661347262004
3,Chla,5,"['TB_B2B3B4', 'LH_B3B4B5', 'LH_B7B8AB11', 'B8A_3', 'NR_B2B3']",1,8,1e-06,-0.24858836099183518,0.034339624810251324,0.013347007958300239,0.310034967907181,5.34260232501826,2.6739534726033023,0.8419072083053243,0.05765729725484625,0.1630477118224795,2.42631347738859,1.949311187436707,0.7342398546454169
4,Chla,5,"['TB_B2B3B4', 'LH_B3B4B5', 'B8A_3', 'LH_B1B2B3', 'NR_B2B3']",1,2,0.01,0.062102991324377445,-0.03787600548559533,-0.055832337760432615,,4.9645831657619865,2.4656202240735423,0.8048996647013298,-0.09846498847008878,,4.181085286631679,1.8338465958058028,0.5268812840406335
0,Chla,6,"['TB_B2B3B4', 'LH_B3B4B5', 'LH_B7B8AB11', 'B11_3', 'B12_3', 'NR_B2B3']",1,6,0.09999999999999999,-0.675778001509202,-0.01967961804922136,-0.1373349585933623,,8.519626360572248,3.6122378626831373,0.9281100968497558,-0.14287268841563439,,3.087444340204991,2.3286986498132722,0.7924321212676583
1,Chla,6,"['TB_B2B3B4', 'LH_B3B4B5', 'B11_3', 'B12_3', 'B11_2', 'NR_B12B2']",1,8,0.09999999999999999,-1.3837661336740883,-0.0179380582180948,-0.07296173704069453,0.054572406757686084,6.397577979779343,2.827606799500095,0.8281431051805078,-0.056912635559304814,-0.17265560326021562,5.248879243514509,3.2680100882590897,0.9539493445299305
2,Chla,6,"['TB_B2B3B4', 'LH_B3B4B5', 'B11_3', 'B11_2', 'B8A_3', 'B8A_2']",1,6,1e-06,-0.00022813064625069047,0.27776863935047136,0.25227812073931144,0.6430699399250924,5.243190718288138,2.9899095286195423,0.8805536641358964,-1.4762360073232292,-0.04721319716160965,4.488269495223571,3.5805750714053977,1.0211930914070204
3,Chla,6,"['TB_B2B3B4', 'LH_B3B4B5', 'LH_B7B8AB11', 'B8A_3', 'NR_B2B3', 'B2']",1,"(10, 10)",0.09999999999999999,-0.9616624377963634,-0.019275337262755654,-0.04598124129584091,,5.416540837451567,2.6622450445274346,0.8398570562746374,-0.022925449778320228,1.894246715321387e-17,2.4348872350598962,1.9442617064062053,0.7337411727508283
4,Chla,6,"['TB_B2B3B4', 'LH_B3B4B5', 'B8A_3', 'LH_B1B2B3', 'NR_B2B3', 'B2']",1,6,1e-06,0.085287214957479,0.22585570333215,0.2097276971515698,0.5696829365691555,4.500308170138072,2.4689963433258835,0.8062754855677802,0.14108365769854847,0.4432146738023915,3.8614726172648415,1.8475636644794042,0.5332217579685012
0,Chla,7,"['TB_B2B3B4', 'LH_B3B4B5', 'LH_B7B8AB11', 'B11_3', 'B12_3', 'NR_B2B3', 'B11_2']",1,2,0.09999999999999999,-0.46824000332786253,-0.06426078919193157,-0.21033579947317715,,8.519626360572248,3.6122378626831373,0.9281100968497558,-0.305837516920509,,3.087444340204991,2.3286986498132722,0.7924321212676583
1,Chla,7,"['TB_B2B3B4', 'LH_B3B4B5', 'B11_3', 'B12_3', 'B11_2', 'NR_B12B2', 'B12_2']",1,"(5, 5)",1e-06,-1.0433499433344615,0.017191712615246657,-0.045350632945601266,0.7727196609458603,6.359242671236937,2.806181774623961,0.8233119728958044,0.009217681641829123,0.3323403541737538,5.180862701839113,3.1678822624688654,0.9354697479838316
2,Chla,7,"['TB_B2B3B4', 'LH_B3B4B5', 'B11_3', 'B11_2', 'B8A_3', 'B8A_2', 'B12_3']",1,6,1e-06,-0.07214479280819108,0.33673198121205095,0.3092593413805974,0.6760544715957962,5.050583062384452,2.9813122677044004,0.8808090660340905,-1.3820462364643973,-0.0751871139466473,4.437371324499392,3.5487038038041407,1.0167465438640315
3,Chla,7,"['TB_B2B3B4', 'LH_B3B4B5', 'LH_B7B8AB11', 'B8A_3', 'NR_B2B3', 'B2', 'LH_B1B2B3']",1,"(4, 4)",1e-06,-0.29672349386257735,0.008947745186663636,-0.02147929772427215,0.4701208849023117,5.415624391767542,2.6621178426456296,0.839846493368697,-0.0011627737981654285,1.894246715321387e-17,2.4348872350598962,1.9442617064062053,0.7337411727508283
4,Chla,7,"['TB_B2B3B4', 'LH_B3B4B5', 'B8A_3', 'LH_B1B2B3', 'NR_B2B3', 'B2', 'LH_B7B8AB11']",1,8,1e-06,0.05982847613249449,-0.012656997648428092,-0.037355948810585016,0.09903755410136562,4.9538036713267415,2.459437617578527,0.8023069102759361,-0.02645553896789332,-0.006022673524744931,4.181189302021217,1.8405644860125288,0.5290441465193827
0,Chla,8,"['TB_B2B3B4', 'LH_B3B4B5', 'LH_B7B8AB11', 'B11_3', 'B12_3', 'NR_B2B3', 'B11_2', 'B12_2']",1,"(8, 8)",1e-06,-1.0318496577128138,-0.0217407024211822,-0.1852192148085714,,8.519626360572248,3.6122378626831373,0.9281100968497558,-0.014057064460317514,,3.087444340204991,2.3286986498132722,0.7924321212676583
1,Chla,8,"['TB_B2B3B4', 'LH_B3B4B5', 'B11_3', 'B12_3', 'B11_2', 'NR_B12B2', 'B12_2', 'LH_B7B8AB11']",1,6,1e-06,-1.479705647242391,-0.007383693782937906,-0.08132011167526376,-0.05332143410265177,6.408632356765905,2.840178325234111,0.8311576419321196,-0.031755862862464346,-0.06188490366546702,5.227037460850427,3.258367642969119,0.950303882132985
2,Chla,8,"['TB_B2B3B4', 'LH_B3B4B5', 'B11_3', 'B11_2', 'B8A_3', 'B8A_2', 'B12_3', 'B12_2']",1,5,1e-06,-0.014073061343052506,0.3059548459601439,0.27290507672015074,0.6545370354376912,5.144227754782735,2.978126636387164,0.8786098138080971,-1.2425413223571562,-0.07655919211886213,4.262142676192335,3.4378441522494847,1.013171617026134
3,Chla,8,"['TB_B2B3B4', 'LH_B3B4B5', 'LH_B7B8AB11', 'B8A_3', 'NR_B2B3', 'B2', 'LH_B1B2B3', 'B4_3']",1,6,1e-06,-0.14914917328135593,0.2567685776224169,0.23057539974126862,0.6589420939495815,4.813278167962436,2.679462635335427,0.8488944628106541,0.08252588377646819,0.20566332067726228,2.4506267461805935,1.989221627714767,0.7394725247941104
4,Chla,8,"['TB_B2B3B4', 'LH_B3B4B5', 'B8A_3', 'LH_B1B2B3', 'NR_B2B3', 'B2', 'LH_B7B8AB11', 'B8A_2']",1,5,1e-06,0.0754357454969636,0.22841310873060383,0.20683025862516613,0.5838282708368553,4.489585499154091,2.4707077146651715,0.8068270099965356,0.12276694776125963,0.4657508041272624,3.8640185069984225,1.8575635827171133,0.537661886287874
0,Chla,9,"['TB_B2B3B4', 'LH_B3B4B5', 'LH_B7B8AB11', 'B11_3', 'B12_3', 'NR_B2B3', 'B11_2', 'B12_2', 'B8A_3']",1,5,0.09999999999999999,-0.34924885004792017,0.07262236450955417,-0.09771230323358893,0.9669582390175179,8.343013071009088,3.579228591587121,0.9257733740577498,-0.2633716228418044,,3.087444340204991,2.3286986498132722,0.7924321212676583
1,Chla,9,"['TB_B2B3B4', 'LH_B3B4B5', 'B11_3', 'B12_3', 'B11_2', 'NR_B12B2', 'B12_2', 'LH_B7B8AB11', 'NR_B1B12']",1,6,1e-06,-0.4332237022279123,0.5386076372829174,0.5001582737231605,0.8433286986527667,4.509699416149473,2.684175071133874,0.8186614658886808,0.23343158207193848,0.5767558199209154,4.417829384693058,2.9550691766493955,0.9008461199786963
2,Chla,9,"['TB_B2B3B4', 'LH_B3B4B5', 'B11_3', 'B11_2', 'B8A_3', 'B8A_2', 'B12_3', 'B12_2', 'B11']",1,5,1e-06,-0.08141078300058091,0.1939919474080154,0.1505543876874893,0.5577759538703416,5.5148386549070345,3.017032126694217,0.8847828631607336,-0.787636151088744,-0.057418894447894955,3.758248959252484,3.0716823388594623,0.9858086706250632
3,Chla,9,"['TB_B2B3B4', 'LH_B3B4B5', 'LH_B7B8AB11', 'B8A_3', 'NR_B2B3', 'B2', 'LH_B1B2B3', 'B4_3', 'B8A_2']",1,5,1e-06,-0.1567788998878717,0.23876303194060466,0.20844828542496507,0.6229660650939333,4.861463794404115,2.6718035990791584,0.8441367437237939,0.14319070345034257,0.2837746148410089,2.405374546949454,1.9458847903389502,0.7300427378628006
4,Chla,9,"['TB_B2B3B4', 'LH_B3B4B5', 'B8A_3', 'LH_B1B2B3', 'NR_B2B3', 'B2', 'LH_B7B8AB11', 'B8A_2', 'B2_2']",1,8,1e-06,0.08587922210906987,0.1815153829554299,0.15566850031191715,0.5528212781307564,4.593814130554328,2.547090681607929,0.8243883410750498,0.10308653530673872,0.48445788891971864,3.9030715385984567,1.8694462567874677,0.5405281386909829
0,Chla,10,"['TB_B2B3B4', 'LH_B3B4B5', 'LH_B7B8AB11', 'B11_3', 'B12_3', 'NR_B2B3', 'B11_2', 'B12_2', 'B8A_3', 'NR_B2B4']",1,"(2, 2)",0.09999999999999999,-0.35355136683503446,-0.08625350863756798,-0.31255632293706137,,8.519626360572248,3.6122378626831373,0.9281100968497558,-0.3144008268802234,,3.087444340204991,2.3286986498132722,0.7924321212676583
1,Chla,10,"['TB_B2B3B4', 'LH_B3B4B5', 'B11_3', 'B12_3', 'B11_2', 'NR_B12B2', 'B12_2', 'LH_B7B8AB11', 'NR_B1B12', 'B8A_3']",1,"(6, 6)",1e-06,-1.5952182389808403,0.009306198868283433,-0.08328200684496112,0.40486154516825407,6.383263802315784,2.815779771027207,0.8253657665294949,0.0013305437447252988,0.05979389251329484,5.203186442221912,3.191049541465544,0.9398408782415206
2,Chla,10,"['TB_B2B3B4', 'LH_B3B4B5', 'B11_3', 'B11_2', 'B8A_3', 'B8A_2', 'B12_3', 'B12_2', 'B11', 'NR_B12B2']",1,5,1e-06,-0.07467454228870796,0.04608914171542855,-0.011375367819786542,0.4864416645087202,5.9531272426576916,2.973368322635755,0.8725205859465335,-0.06740630467660824,-0.054086966723956714,2.9500764529387173,2.2563465924474237,0.8704634166405256
3,Chla,10,"['TB_B2B3B4', 'LH_B3B4B5', 'LH_B7B8AB11', 'B8A_3', 'NR_B2B3', 'B2', 'LH_B1B2B3', 'B4_3', 'B8A_2', 'B2_2']",1,5,1e-06,-0.17939191619062406,0.27806912306016185,0.24598330630728016,0.6353931590103603,4.7358150795394,2.706897927316665,0.8497811952816997,0.08817961078819936,0.2996261888631213,2.432881290198233,1.985017251992966,0.7361760700812984
4,Chla,10,"['TB_B2B3B4', 'LH_B3B4B5', 'B8A_3', 'LH_B1B2B3', 'NR_B2B3', 'B2', 'LH_B7B8AB11', 'B8A_2', 'B2_2', 'B4_3']",1,4,1e-06,0.07935123549879415,0.04893740102210209,0.01544928133978174,0.3629686432954977,4.912198367390523,2.4416226574362416,0.7989527455649144,0.06006944461844954,0.7528490177446049,4.040469480550981,1.8262414929615127,0.5287546507753718
0,Chla,11,"['TB_B2B3B4', 'LH_B3B4B5', 'LH_B7B8AB11', 'B11_3', 'B12_3', 'NR_B2B3', 'B11_2', 'B12_2', 'B8A_3', 'NR_B2B4', 'NR_B2B5']",1,"(5, 5)",0.09999999999999999,-0.29578221646641467,-0.0002471391357961039,-0.23434753340162073,,8.519626360572248,3.6122378626831373,0.9281100968497558,-0.016664319718967757,,3.087444340204991,2.3286986498132722,0.7924321212676583
1,Chla,11,"['TB_B2B3B4', 'LH_B3B4B5', 'B11_3', 'B12_3', 'B11_2', 'NR_B12B2', 'B12_2', 'LH_B7B8AB11', 'NR_B1B12', 'B8A_3', 'NR_B1B7']",1,4,1e-06,-1.6037525730462163,0.02171986841022855,-0.07979976788682319,0.006835675935142579,6.401864678136001,2.8170518784096372,0.8250490619575822,0.00841083311062718,0.15916196068352403,5.191555971463785,3.182975731308095,0.9389287362237267
2,Chla,11,"['TB_B2B3B4', 'LH_B3B4B5', 'B11_3', 'B11_2', 'B8A_3', 'B8A_2', 'B12_3', 'B12_2', 'B11', 'NR_B12B2', 'LH_B7B8AB11']",1,10,0.09999999999999999,-0.03700531301249079,0.26527041573818144,0.21628844345406018,0.6571791158771093,5.278344585629465,3.0367265844649443,0.8911835065776457,-0.831439232497966,-0.11479250567822405,3.8364529843639166,3.0973020179364603,0.9788017798059788
3,Chla,11,"['TB_B2B3B4', 'LH_B3B4B5', 'LH_B7B8AB11', 'B8A_3', 'NR_B2B3', 'B2', 'LH_B1B2B3', 'B4_3', 'B8A_2', 'B2_2', 'B11_2']",1,"(4, 4)",0.09999999999999999,-0.2362387116672106,0.015021566136987907,-0.03334791052592778,0.498718425085656,5.398391966956033,2.661221866065807,0.8400156300750987,-0.006192101257094906,0.21324438928458683,2.4302822408958447,1.9412295730687796,0.7328229148080644
4,Chla,11,"['TB_B2B3B4', 'LH_B3B4B5', 'B8A_3', 'LH_B1B2B3', 'NR_B2B3', 'B2', 'LH_B7B8AB11', 'B8A_2', 'B2_2', 'B4_3', 'B11_2']",1,5,1e-06,0.10126352119929834,0.23849429052021376,0.2088951286676426,0.5693170473930613,4.450614314202629,2.5024107616390086,0.8102968813680651,0.09707551990478891,0.39718738168922485,3.885822496129905,1.9229262838467869,0.5485834650513028
0,Chla,12,"['TB_B2B3B4', 'LH_B3B4B5', 'LH_B7B8AB11', 'B11_3', 'B12_3', 'NR_B2B3', 'B11_2', 'B12_2', 'B8A_3', 'NR_B2B4', 'NR_B2B5', 'B4_2']",1,"(6, 6)",1e-06,-0.6575771090319931,0.006914090633325154,-0.25215179876667704,,8.519626360572248,3.6122378626831373,0.9281100968497558,0.045902066325213764,,3.087444340204991,2.3286986498132722,0.7924321212676583
1,Chla,12,"['TB_B2B3B4', 'LH_B3B4B5', 'B11_3', 'B12_3', 'B11_2', 'NR_B12B2', 'B12_2', 'LH_B7B8AB11', 'NR_B1B12', 'B8A_3', 'NR_B1B7', 'B8A_2']",1,"(6, 6)",1e-06,-0.7623113673742157,0.0025310838934143876,-0.11146536366162407,0.26618337624758226,6.395422756209697,2.8164447087549878,0.8248619068076596,0.0019140837227324958,0.2739963595375117,5.203613282020315,3.166291984585968,0.9355195695759781
2,Chla,12,"['TB_B2B3B4', 'LH_B3B4B5', 'B11_3', 'B11_2', 'B8A_3', 'B8A_2', 'B12_3', 'B12_2', 'B11', 'NR_B12B2', 'LH_B7B8AB11', 'B4_3']",1,10,0.001,-0.04135372754554338,0.09585835586158609,0.029701650192921702,0.4786270275021216,5.771882619219315,3.065416173592515,0.8915421713457261,-0.678781419109634,-0.07078139008599248,3.5405590404868694,2.912887834401232,0.9728082283806605
3,Chla,12,"['TB_B2B3B4', 'LH_B3B4B5', 'LH_B7B8AB11', 'B8A_3', 'NR_B2B3', 'B2', 'LH_B1B2B3', 'B4_3', 'B8A_2', 'B2_2', 'B11_2', 'B11_3']",1,4,1e-06,-0.16135996850875475,0.21223691741567074,0.1698460788909535,0.6003572228284493,4.949167813441235,2.6608307974146066,0.8419062443054951,0.12194615715092594,0.3113086896669601,2.410786437854704,1.9787527951952733,0.737677791046077
4,Chla,12,"['TB_B2B3B4', 'LH_B3B4B5', 'B8A_3', 'LH_B1B2B3', 'NR_B2B3', 'B2', 'LH_B7B8AB11', 'B8A_2', 'B2_2', 'B4_3', 'B11_2', 'B11_3']",1,4,0.09999999999999999,0.07583185839163116,0.21812502324021765,0.18485374763341844,0.5829650049525967,4.51626264708732,2.458526226579222,0.8053561419670062,0.10315972294726294,0.461932884244382,3.901207653780963,1.8857335207350412,0.5448640420045721
0,SS,4,"['Image_Year', 'LH_B7B8AB11', 'NR_B12B4', 'TB_B1B2B3']",1,8,1e-06,-0.9244857696649948,0.340560871499792,0.29171352864792466,0.4728408783303339,2.270953359508469,2.001567608636826,0.6135501868674678,-0.5417106069868824,-0.3186026667323208,2.3959007367208343,1.8973332369851597,0.4119350101660468
1,SS,4,"['B3_2', 'Image_Year', 'B3_3', 'B2_3']",1,8,1e-06,-0.08144086511870892,0.25993716119641475,0.23374024654850023,0.4556283083795905,2.1651769519999142,1.8577430847358922,0.49200372209885124,-0.4827411016237455,0.5534379001549656,7.615041047353588,4.976969035552115,0.5560796921277498
2,SS,4,"['LH_B5B6B7', 'Image_Year', 'LH_B4B5B6', 'B5_2']",1,5,0.09999999999999999,-0.185207036776412,-0.06761259915326989,-0.0924407991335785,,4.85175267031965,3.1660442401608733,0.5450884463164853,-0.29971067142530705,-1.0121086904000972e-16,4.8197107984201635,2.8428037920137896,0.38611479166266777
3,SS,4,"['LH_B5B6B7', 'LH_B4B5B6', 'B5_2', 'B3_2']",1,6,0.01,-0.5292624742175102,0.13786011985494673,0.12293129076152587,0.6269071477788789,4.550238303218437,2.987729577166943,0.4908283466972671,0.07939633526756562,0.511366744269403,6.602063804697883,3.444195774599132,0.47176220414440073
4,SS,4,"['LH_B5B6B7', 'LH_B4B5B6', 'B5_2', 'B5_3']",1,5,0.09999999999999999,-0.4544051065875873,-0.020850128975095084,-0.03493082040923445,,5.313223993960458,3.1760160873312264,0.4973623320660364,-0.04826078086438135,,5.756150711549899,4.779138178684287,0.8924553787505118
0,SS,5,"['Image_Year', 'LH_B7B8AB11', 'NR_B12B4', 'TB_B1B2B3', 'NR_B12B5']",1,4,0.01,-0.8611248694818171,0.2813990118351464,0.21360646578185838,0.45647017323708,2.322355521139808,2.0506384877667085,0.6267382775253078,-0.4719289540340508,-0.30950117396667803,2.4022866080601117,1.893277302900569,0.41164732384033875
1,SS,5,"['B3_2', 'Image_Year', 'B3_3', 'B2_3', 'B1_3']",1,8,1e-06,-0.061918737254678155,0.12752105417225468,0.08857110123351597,0.4496893862426373,2.27620945856891,1.9423227385871094,0.5079470832812275,-0.7033053732043344,0.6031691426082938,8.155209564810958,5.533287655088756,0.6511585423990464
2,SS,5,"['LH_B5B6B7', 'Image_Year', 'LH_B4B5B6', 'B5_2', 'B5_3']",1,4,1e-06,-0.08886398301354408,0.5050759785735512,0.4906045159587429,0.7693094420025958,3.883492569909013,2.705610847358938,0.48857469055349567,-0.2525135847302129,0.27190815591662704,5.160288319541752,4.373961054367363,0.5294901206168574
3,SS,5,"['LH_B5B6B7', 'LH_B4B5B6', 'B5_2', 'B3_2', 'B5_3']",1,8,1e-06,-0.5083347088596147,-0.1160464908314891,-0.14030837106695615,-3.5055824898412344e-17,4.831038924190526,3.0896006894570527,0.5027485302471261,-0.122308311057572,1.7996650670154581e-16,6.9165838701781714,3.4803217466245333,0.4735699007231162
4,SS,5,"['LH_B5B6B7', 'LH_B4B5B6', 'B5_2', 'B5_3', 'B4_2']",1,4,1e-06,-0.31795731014456013,0.2667608110642774,0.2540750119477424,0.5556954979770128,4.710864325257456,3.1291188866777717,0.49399299657416834,0.19679734157344242,0.6612411974053204,5.148302523827015,4.565170610842123,0.8715303441399124
0,SS,6,"['Image_Year', 'LH_B7B8AB11', 'NR_B12B4', 'TB_B1B2B3', 'NR_B12B5', 'NR_B12B7']",1,"(4, 4)",1e-06,-1.947129609506408,-0.01928273555292881,-0.13689228196288217,9.28904705963248e-17,2.430906758847346,2.1236426314277503,0.6458419346044508,-0.35854656001678453,-1.5079654654957292e-16,2.3947929005414577,1.8626544096523987,0.40507023402157305
1,SS,6,"['B3_2', 'Image_Year', 'B3_3', 'B2_3', 'B1_3', 'B2_2']",1,4,0.09999999999999999,-0.023794321195154212,0.25649059668836816,0.21630089921206375,0.45034645028633113,2.1718393090644423,1.8643241303603169,0.49331210283994553,-0.49100799294678876,0.5189188097694883,7.636240032676475,4.993282314171653,0.558618942423947
2,SS,6,"['LH_B5B6B7', 'Image_Year', 'LH_B4B5B6', 'B5_2', 'B5_3', 'B5']",1,4,0.01,-0.20727884356273368,0.5099597905022918,0.49266425369649036,0.7738764954757142,3.8738768429339574,2.707730128526611,0.4892158218934189,-0.35896746670408963,0.24622985053655275,5.37510899354597,4.604541560354115,0.54779759626022
3,SS,6,"['LH_B5B6B7', 'LH_B4B5B6', 'B5_2', 'B3_2', 'B5_3', 'B3']",1,10,0.09999999999999999,-0.582934702229174,0.11067686755013706,0.08737582477852501,0.5278250449763222,4.606382833794265,3.016188291622092,0.4938970956439603,0.10174338302648822,0.7378978994313246,6.5383188499092,3.380777776212885,0.46464182535259785
4,SS,6,"['LH_B5B6B7', 'LH_B4B5B6', 'B5_2', 'B5_3', 'B4_2', 'B4_3']",1,"(10, 10)",0.09999999999999999,-0.3169163650400154,0.01001651157228145,-0.010608144436629274,0.5588495284118082,5.287214718423741,3.1660512834768855,0.4960959354784825,-0.06787799787572202,0.6443983709175294,5.727429101156208,4.771062034211092,0.8913205427387721
0,SS,7,"['Image_Year', 'LH_B7B8AB11', 'NR_B12B4', 'TB_B1B2B3', 'NR_B12B5', 'NR_B12B7', 'NR_B12B6']",1,6,0.09999999999999999,-3.4053649363663085,0.07993016456524638,-0.0463539304944256,0.18594579449238913,2.4250906307064266,2.116775162421552,0.6440798051875819,-0.5380285274641823,-0.0608292566573646,2.3947375798644157,1.8618385022542108,0.4048460420622516
1,SS,7,"['B3_2', 'Image_Year', 'B3_3', 'B2_3', 'B1_3', 'B2_2', 'B3']",1,2,1e-06,-0.056880943540666126,-0.1733546750522239,-0.24802269982827463,3.052590777703258e-16,2.342465627686284,1.9936799770180984,0.5188962323071733,-1.0953127157150302,,8.361322950830099,5.708029301924735,0.6817601578802833
2,SS,7,"['LH_B5B6B7', 'Image_Year', 'LH_B4B5B6', 'B5_2', 'B5_3', 'B5', 'B4_2']",1,10,1e-06,-0.23546751165850816,0.4830128468946068,0.46159917783106974,0.7575818203508109,3.907478431870585,2.8006263963908626,0.5019242652381976,0.027477315459789264,0.3838212104521203,4.547444695431801,3.669842009895956,0.46634679466327195
3,SS,7,"['LH_B5B6B7', 'LH_B4B5B6', 'B5_2', 'B3_2', 'B5_3', 'B3', 'B3_3']",1,4,1e-06,-0.582815102800905,0.1828535167498625,0.15776568612376185,0.5033108095837269,4.508928716896017,3.0300474379654596,0.4966681368991537,0.12080626694332863,0.5348436757722138,6.493831979489108,3.4478793352260797,0.4742714111752117
4,SS,7,"['LH_B5B6B7', 'LH_B4B5B6', 'B5_2', 'B5_3', 'B4_2', 'B4_3', 'B5']",1,6,1e-06,-0.35752862998146673,0.2944469026032991,0.27723829047167226,0.5775625024458524,4.636144693037148,3.138655462319946,0.4957803857606138,0.17368248919241336,0.6472140617571208,5.164464010399976,4.615438336433281,0.8769297990461209
0,SS,8,"['Image_Year', 'LH_B7B8AB11', 'NR_B12B4', 'TB_B1B2B3', 'NR_B12B5', 'NR_B12B7', 'NR_B12B6', 'TB_B4B5B6']",1,5,0.09999999999999999,-1.8302209983242457,0.1923698776769346,0.06314905810524407,0.4067824383113577,2.3476279126560047,2.0784448708569543,0.634136431802963,-0.44361400308068544,-0.34470123252566337,2.413812860938512,1.896339182726948,0.41316868078320196
1,SS,8,"['B3_2', 'Image_Year', 'B3_3', 'B2_3', 'B1_3', 'B2_2', 'B3', 'B1_2']",1,10,1e-06,0.005356076374437002,0.1604411112388182,0.09882211022882315,0.4321800287126542,2.23049292689851,1.9096138029736283,0.5019617154070385,-0.7050687612747839,0.3906473462057937,8.1473109889653,5.510178588745646,0.6468536358375279
2,SS,8,"['LH_B5B6B7', 'Image_Year', 'LH_B4B5B6', 'B5_2', 'B5_3', 'B5', 'B4_2', 'B4']",1,2,1e-06,-0.04142464303065683,0.43444595651043394,0.40751481158235936,0.7714725192405623,4.08658481901097,2.735746909069018,0.4914718063987689,-0.0504799261141573,0.2975842174324338,4.72581399378061,3.738543800760583,0.4745652891663889
3,SS,8,"['LH_B5B6B7', 'LH_B4B5B6', 'B5_2', 'B3_2', 'B5_3', 'B3', 'B3_3', 'B4']",1,2,1e-06,-0.42154727679519394,0.20848890652303553,0.18059424243574163,0.5233620607157923,4.474182869728011,3.0365577176484972,0.49743112511559634,0.1275651745289763,0.5204386749710558,6.464485907760708,3.4387885363190867,0.4729015705032403
4,SS,8,"['LH_B5B6B7', 'LH_B4B5B6', 'B5_2', 'B5_3', 'B4_2', 'B4_3', 'B5', 'B4']",1,10,1e-06,-0.21073030639501558,0.30360229559691254,0.2841226395296933,0.5783014821508357,4.599304654516839,3.1199218030659686,0.49365233812013953,0.2231786218467916,0.6691384857367358,5.050207970845728,4.51427098362141,0.8683822084301055
0,SS,9,"['Image_Year', 'LH_B7B8AB11', 'NR_B12B4', 'TB_B1B2B3', 'NR_B12B5', 'NR_B12B7', 'NR_B12B6', 'TB_B4B5B6', 'NR_B12B8A']",1,5,1e-06,-1.7042989067881273,-0.3296570648867847,-0.57387979109048,9.28904705963248e-17,2.430906758847346,2.1236426314277503,0.6458419346044508,-1.6030765995586451,-1.5079654654957292e-16,2.3947929005414577,1.8626544096523987,0.40507023402157305
1,SS,9,"['B3_2', 'Image_Year', 'B3_3', 'B2_3', 'B1_3', 'B2_2', 'B3', 'B1_2', 'LH_B5B6B7']",1,8,1e-06,0.04593908916012703,0.11997238864273807,0.046636754362966326,0.5477181212853862,2.199862410608832,1.9028332894586728,0.5000792087831369,-0.5288540652554827,0.5958150937653777,7.732351178010559,5.091247139779749,0.5730705465921972
2,SS,9,"['LH_B5B6B7', 'Image_Year', 'LH_B4B5B6', 'B5_2', 'B5_3', 'B5', 'B4_2', 'B4', 'B3_2']",1,8,0.01,-0.21789978526017428,0.5636280784560034,0.5401110287919557,0.7908132919404766,3.695453151730809,2.676549422475495,0.4881838594001245,-0.4695205988371318,0.2772646514204211,5.589469415791901,4.858303493625324,0.5648878453845886
3,SS,9,"['LH_B5B6B7', 'LH_B4B5B6', 'B5_2', 'B3_2', 'B5_3', 'B3', 'B3_3', 'B4', 'B4_2']",1,5,1e-06,-0.48695173404675085,0.21698240696486304,0.18580029042806556,0.5581196211967767,4.439571407267838,3.0017009651244106,0.49376795601958434,0.1572153822579786,0.6246696834900021,6.366002287407149,3.3653011203880205,0.46553906820253904
4,SS,9,"['LH_B5B6B7', 'LH_B4B5B6', 'B5_2', 'B5_3', 'B4_2', 'B4_3', 'B5', 'B4', 'B3_2']",1,5,1e-06,-0.3259917498753692,0.222758314559787,0.1982138402827277,0.5595405790002443,4.835540873461289,3.1090072037315095,0.4916245758577774,0.12742038217620832,0.641769406353772,5.322792808117611,4.659300097374483,0.8790414708064508
0,SS,10,"['Image_Year', 'LH_B7B8AB11', 'NR_B12B4', 'TB_B1B2B3', 'NR_B12B5', 'NR_B12B7', 'NR_B12B6', 'TB_B4B5B6', 'NR_B12B8A', 'NR_B12B3']",1,5,0.01,-2.6563043438246563,0.028010398563124705,-0.17448743506955755,-0.09255861470247577,2.4319506633534296,2.125087903511261,0.6461977574632298,-0.6502735309948693,-1.5079654654957292e-16,2.3947929005414577,1.8626544096523987,0.40507023402157305
1,SS,10,"['B3_2', 'Image_Year', 'B3_3', 'B2_3', 'B1_3', 'B2_2', 'B3', 'B1_2', 'LH_B5B6B7', 'B2']",1,5,1e-06,-0.04797894748872622,0.035884255790587516,-0.05422001936917065,3.052590777703258e-16,2.342465627686284,1.9936799770180984,0.5188962323071733,-0.8732977876031232,,8.361322950830099,5.708029301924735,0.6817601578802833
2,SS,10,"['LH_B5B6B7', 'Image_Year', 'LH_B4B5B6', 'B5_2', 'B5_3', 'B5', 'B4_2', 'B4', 'B3_2', 'B3']",1,2,1e-06,-0.02935789765095611,0.44532445663506115,0.41191026727572744,0.7494023016427117,4.057377047003135,2.6803188778215636,0.48418333725958207,-0.18562330523336756,0.2456738797346876,5.020605630467642,4.067287974218386,0.5029004817304495
3,SS,10,"['LH_B5B6B7', 'LH_B4B5B6', 'B5_2', 'B3_2', 'B5_3', 'B3', 'B3_3', 'B4', 'B4_2', 'B5']",1,10,0.09999999999999999,-0.5727187004678049,0.2582926626454739,0.22532789209638382,0.5842031274034977,4.309822133392298,3.028220440167674,0.49751896452086436,0.17579645657935117,0.5668163360346928,6.246685089527071,3.4036295073571843,0.4716564639920825
4,SS,10,"['LH_B5B6B7', 'LH_B4B5B6', 'B5_2', 'B5_3', 'B4_2', 'B4_3', 'B5', 'B4', 'B3_2', 'B3_3']",1,10,1e-06,-0.21347288519570248,0.3058920442258102,0.2814516232478458,0.6081232708980269,4.579949003562728,3.160395283204076,0.49994816409198056,0.11496095195164713,0.5977585105934329,5.2888699521134255,4.74196281000052,0.8886373646140712
0,SS,11,"['Image_Year', 'LH_B7B8AB11', 'NR_B12B4', 'TB_B1B2B3', 'NR_B12B5', 'NR_B12B7', 'NR_B12B6', 'TB_B4B5B6', 'NR_B12B8A', 'NR_B12B3', 'NR_B12B2']",1,5,1e-06,-1.0648363703266708,0.4831523691899652,0.3621880300642124,0.6249313718188889,2.1656463184038057,1.874110339523691,0.5871946081131325,-0.873602716472363,-0.28690539423435674,2.3966704915646986,1.8966227066083785,0.40920832492142695
1,SS,11,"['B3_2', 'Image_Year', 'B3_3', 'B2_3', 'B1_3', 'B2_2', 'B3', 'B1_2', 'LH_B5B6B7', 'B2', 'LH_B2B3B4']",1,6,1e-06,-0.03676457554152039,0.2061342773184297,0.12375198534204035,0.4764498418544786,2.169419689228644,1.8529917319623967,0.4908737813828695,-0.6032354148876018,0.5605121290600564,7.881478384577914,5.337900889783087,0.6211706393819669
2,SS,11,"['LH_B5B6B7', 'Image_Year', 'LH_B4B5B6', 'B5_2', 'B5_3', 'B5', 'B4_2', 'B4', 'B3_2', 'B3', 'B3_3']",1,6,1e-06,-0.16738580878470896,0.5432809185486192,0.5128329797851937,0.8034423035698083,3.754235254479642,2.679077803033825,0.48887797984416087,-0.2682956255890494,0.33271501656833696,5.192697126955233,4.486814490491909,0.5377266450382512
3,SS,11,"['LH_B5B6B7', 'LH_B4B5B6', 'B5_2', 'B3_2', 'B5_3', 'B3', 'B3_3', 'B4', 'B4_2', 'B5', 'LH_B2B3B4']",1,4,0.09999999999999999,-0.45835876028266986,0.19662355441035728,0.15717203252872303,0.5110822516010327,4.499831949944916,3.0482121700602347,0.498480362168133,0.1246998795321207,0.5214135151325815,6.4871138563347746,3.45549098567504,0.4748698621984802
4,SS,11,"['LH_B5B6B7', 'LH_B4B5B6', 'B5_2', 'B5_3', 'B4_2', 'B4_3', 'B5', 'B4', 'B3_2', 'B3_3', 'B3']",1,5,1e-06,-0.32778352288983015,0.23900499755091553,0.20942568650165783,0.5457458142388611,4.804713347733735,3.1779809163273973,0.5000472121441522,0.0855248503904592,0.5513140410702859,5.435832655697822,4.804568930181927,0.8918451483183533
0,SS,12,"['Image_Year', 'LH_B7B8AB11', 'NR_B12B4', 'TB_B1B2B3', 'NR_B12B5', 'NR_B12B7', 'NR_B12B6', 'TB_B4B5B6', 'NR_B12B8A', 'NR_B12B3', 'NR_B12B2', 'LH_B2B3B4']",1,2,1e-06,-1.7843662647932927,0.32402814809497393,0.14768766498931496,0.5299615204672387,2.254088437938619,1.981052434845809,0.61178646715439,-0.7795788275223696,-0.11379372521101566,2.3611247338946426,1.8307607357984461,0.3966109670936259
1,SS,12,"['B3_2', 'Image_Year', 'B3_3', 'B2_3', 'B1_3', 'B2_2', 'B3', 'B1_2', 'LH_B5B6B7', 'B2', 'LH_B2B3B4', 'B4']",1,8,1e-06,0.008047760875300925,0.3020653073580646,0.22230134248470057,0.48688120652523315,2.1346886483039387,1.8267023085401939,0.4858319169208723,-0.4206784851177403,0.6373875626460772,7.45350011481822,4.875852384870374,0.5422419747043192
2,SS,12,"['LH_B5B6B7', 'Image_Year', 'LH_B4B5B6', 'B5_2', 'B5_3', 'B5', 'B4_2', 'B4', 'B3_2', 'B3', 'B3_3', 'B4_3']",1,2,1e-06,-0.07134324587507308,0.4463459878742513,0.40583471869431853,0.7917244213831022,4.038438508161122,2.6921781519047774,0.4869717030758438,-0.08912634898437233,0.30973037215394517,4.817432157930689,3.8665186055396044,0.4843412499778156
3,SS,12,"['LH_B5B6B7', 'LH_B4B5B6', 'B5_2', 'B3_2', 'B5_3', 'B3', 'B3_3', 'B4', 'B4_2', 'B5', 'LH_B2B3B4', 'B4_3']",1,"(6, 6)",1e-06,-0.46915749045492516,0.00695292215210408,-0.04648458876347772,0.39762925997647586,4.825989368227216,3.0884538077137327,0.5026359582754696,-0.0034519499811471732,0.26909016191679336,6.914111380700832,3.4791484053294135,0.47343888563548203
4,SS,12,"['LH_B5B6B7', 'LH_B4B5B6', 'B5_2', 'B5_3', 'B4_2', 'B4_3', 'B5', 'B4', 'B3_2', 'B3_3', 'B3', 'LH_B7B8AB11']",1,2,1e-06,-0.3307855243258072,0.19843466205085414,0.16432549873386926,0.5101334467095574,4.912555502772937,3.132358614770122,0.4941018313712395,0.1188197916627578,0.5707590989992115,5.416297654171758,4.729434461118074,0.8853898770169418
0,Tur,4,"['LH_B2B3B4', 'NR_B3B7', 'NR_B2B7', 'NR_B3B6']",1,6,1e-06,-0.7502287556449848,-0.03437657112916104,-0.11099705787946923,-0.23434300097956265,1.8098257732759035,1.530556773555852,0.612906177847158,-0.17667343636891264,0.008496449055538148,4.00907466296453,2.083153150950584,0.4482322712502088
1,Tur,4,"['B3_3', 'B2_3', 'B1_3', 'LH_B4B5B6']",1,5,0.001,-0.09135082020358176,-0.10075629804899822,-0.1397211227586974,2.3822022238629626e-16,3.0174699607603017,1.8334673944268889,0.5289185893077669,-0.08057708476514636,1.2053503726620075e-16,7.796305999962068,3.859781671933353,0.7043002852784003
2,Tur,4,"['LH_B4B5B6', 'LH_B5B6B7', 'B5_3', 'B5_2']",1,10,1e-06,0.015457624041078376,0.32401632014971005,0.3082957694555173,0.6971365724469957,4.31443878447605,2.6312264448712512,0.62525266365036,0.27743051173142674,0.436870340719368,3.5484722909562674,2.5693219725442926,0.6038791334677813
3,Tur,4,"['LH_B4B5B6', 'LH_B5B6B7', 'B5_3', 'B5_2']",1,10,0.09999999999999999,0.005847233100864324,0.08241998186855504,0.06653115038575941,0.6151551882664833,4.731965987139505,2.6895393124128875,0.6236591079575036,-0.018001186845339356,0.5651728306050442,5.313510714751427,3.001509439166979,0.4895772215696152
4,Tur,4,"['LH_B4B5B6', 'LH_B5B6B7', 'B5_3', 'B5_2']",1,4,0.01,0.05249522783333804,0.31880979562684275,0.30941406866997156,0.597408941050864,4.284736361493782,2.897032675469134,0.6290096175321319,-0.17334284192299987,0.5970982908480409,2.1138111041398493,1.6837047357016035,0.3801940500004174
0,Tur,5,"['LH_B2B3B4', 'NR_B3B7', 'NR_B2B7', 'NR_B3B6', 'NR_B1B7']",1,5,1e-06,-0.2865445883731773,0.3543120082117981,0.29339804672234504,0.6597299465752258,1.5689220456546076,1.286406683615735,0.5449515147353841,-0.18296511957318784,-0.04622543659002199,3.9313808964021573,2.0249205786735893,0.43217596674275777
1,Tur,5,"['B3_3', 'B2_3', 'B1_3', 'LH_B4B5B6', 'LH_B5B6B7']",1,5,1e-06,-0.04652480012578848,-0.004852478016863282,-0.04971196364261621,-0.09626661466252916,3.01884143332748,1.8352002979918711,0.5292591370791572,-0.03749773170436255,0.6219988643532207,7.763046644253722,3.8496812913142273,0.7031053726032368
2,Tur,5,"['LH_B4B5B6', 'LH_B5B6B7', 'B5_3', 'B5_2', 'B3_3']",1,2,0.09999999999999999,-0.17360096890111498,0.29434756775061566,0.27371445569654007,0.6696795679721776,4.417632311567581,2.7309351022406663,0.641306443388992,0.17310408835151336,0.3162287062007566,3.7344134772065285,2.68921723934922,0.6209466343972538
3,Tur,5,"['LH_B4B5B6', 'LH_B5B6B7', 'B5_3', 'B5_2', 'LH_B2B3B4']",1,4,0.09999999999999999,-0.04032116191526038,0.05271294308676633,0.03211974619734825,0.3503284588783933,4.803352483876593,2.6959063803599745,0.623510225002009,-0.09409489985401587,0.2866615175963734,5.426260095776957,3.0436653031833782,0.4952919483441105
4,Tur,5,"['LH_B4B5B6', 'LH_B5B6B7', 'B5_3', 'B5_2', 'LH_B2B3B4']",1,6,1e-06,0.050965725478663716,0.15200157329666364,0.13733032023951253,0.5745249923334328,4.692476032822586,2.835361929689548,0.6144418280647375,0.275129106437637,0.5877940947748127,1.8169379539838277,1.3307539571004956,0.3288103414628945
0,Tur,6,"['LH_B2B3B4', 'NR_B3B7', 'NR_B2B7', 'NR_B3B6', 'NR_B1B7', 'NR_B3B8A']",1,"(8, 8)",1e-06,-0.6045591930408631,0.03415412501805848,-0.07728962978755027,0.5850236500816056,1.7590465991345097,1.4619748817239964,0.5965141814034007,-0.1899023298454212,-0.059572724619290265,4.032098601233908,2.107016296581328,0.4550782422439991
1,Tur,6,"['B3_3', 'B2_3', 'B1_3', 'LH_B4B5B6', 'LH_B5B6B7', 'B3_2']",1,5,1e-06,-0.0595903997504903,0.07576587573506566,0.025807274423447546,0.4964240578085552,2.9350256123933236,1.793076650110037,0.5197570577849917,0.014381073372934816,0.7059962129573697,7.590442303809494,3.7656585848810944,0.6889168546236056
2,Tur,6,"['LH_B4B5B6', 'LH_B5B6B7', 'B5_3', 'B5_2', 'B3_3', 'LH_B2B3B4']",1,6,1e-06,-0.07672891167926313,0.2908302273373914,0.2658007059492993,0.6921755927955691,4.4277569137509065,2.6764353984273277,0.6323093251251394,0.26950340293827724,0.42163883239840916,3.587730527793542,2.616530751886548,0.6104505203452993
3,Tur,6,"['LH_B4B5B6', 'LH_B5B6B7', 'B5_3', 'B5_2', 'LH_B2B3B4', 'B3_3']",1,5,0.09999999999999999,-0.06734656302200806,0.17413271308247424,0.15249426888376172,0.5846959473085398,4.534731168771195,2.6715256473316,0.6233479217733389,0.10363491217522602,0.5239371840901419,5.062294223324352,2.8659272387792285,0.46941403730418485
4,Tur,6,"['LH_B4B5B6', 'LH_B5B6B7', 'B5_3', 'B5_2', 'LH_B2B3B4', 'B3_3']",1,10,0.01,0.05340253592197364,0.33955451532085823,0.32579523439004276,0.6130557626961579,4.252653118814387,2.8915447667356733,0.6305916118442921,-0.17122440977169684,0.605226820369699,2.0985123759417483,1.662161968632581,0.3787095404395339
0,Tur,7,"['LH_B2B3B4', 'NR_B3B7', 'NR_B2B7', 'NR_B3B6', 'NR_B1B7', 'NR_B3B8A', 'NR_B1B6']",1,"(8, 8)",1e-06,-0.887958353396184,0.393722365892186,0.3105077886617018,0.6630379232403089,1.5286326807050716,1.2360707471307328,0.532469567008452,-0.15769398394270917,-0.03720403913448594,3.9051248650661634,2.04091458553296,0.4361845345872823
1,Tur,7,"['B3_3', 'B2_3', 'B1_3', 'LH_B4B5B6', 'LH_B5B6B7', 'B3_2', 'B2_2']",1,6,1e-06,-0.09424448481827308,0.08533709203820583,0.02713127062245524,0.4627479351440873,2.926833693567271,1.8164561034978992,0.5260712720649025,-0.008196416415615415,0.5435841249646732,7.677258021570483,3.8120532192472645,0.6967734108948251
2,Tur,7,"['LH_B4B5B6', 'LH_B5B6B7', 'B5_3', 'B5_2', 'B3_3', 'LH_B2B3B4', 'B3_2']",1,5,0.01,-0.22754936204697365,0.3192784650717816,0.2910828985362933,0.6840667108953536,4.339636082260196,2.66379203008423,0.6302818962336028,0.2868753142634285,0.448269573446928,3.536925294044629,2.6005596356826173,0.6078528788647936
3,Tur,7,"['LH_B4B5B6', 'LH_B5B6B7', 'B5_3', 'B5_2', 'LH_B2B3B4', 'B3_3', 'B3_2']",1,5,0.09999999999999999,0.009576876529913615,0.12003578062220588,0.09301933529043149,0.6159498285084073,4.551733464972176,2.7372597011303648,0.6339886890642706,0.12405655554811723,0.6427467141423095,4.950826314354197,2.9404507946293346,0.489364193946719
4,Tur,7,"['LH_B4B5B6', 'LH_B5B6B7', 'B5_3', 'B5_2', 'LH_B2B3B4', 'B3_3', 'B3_2']",1,6,1e-06,0.05596158961539144,0.30958828962396856,0.29274897961479707,0.6091326723380942,4.331949526004436,2.882588899811843,0.6277547442012897,-0.05336464708700195,0.5982262412957133,1.9763855777139236,1.6027973562453548,0.3722156408651753
0,Tur,8,"['LH_B2B3B4', 'NR_B3B7', 'NR_B2B7', 'NR_B3B6', 'NR_B1B7', 'NR_B3B8A', 'NR_B1B6', 'NR_B1B8A']",1,5,1e-06,-0.35466506240346174,-0.0349347387853125,-0.20052429699096241,-8.876069927852956e-17,1.780806733705131,1.472163171502442,0.6002580892256248,-0.34702849566306315,-2.850621943937298e-17,4.051276482493405,2.1213444412525138,0.45929061518118186
1,Tur,8,"['B3_3', 'B2_3', 'B1_3', 'LH_B4B5B6', 'LH_B5B6B7', 'B3_2', 'B2_2', 'B1_2']",1,10,1e-06,-0.010482641875702314,0.09137517461972067,0.024687114041351488,0.489643076438754,2.9246692638546063,1.8167981356612881,0.5262820711096207,0.004115874310174905,0.7062276631896046,7.635166973619211,3.801256058969027,0.695571110228254
2,Tur,8,"['LH_B4B5B6', 'LH_B5B6B7', 'B5_3', 'B5_2', 'B3_3', 'LH_B2B3B4', 'B3_2', 'B4_3']",1,"(4, 4)",1e-06,-0.05971619886922856,0.007131108542238085,-0.040148362479559996,6.196723503108899e-17,5.101587988693703,2.675463627948546,0.6205621861079471,-0.01067324073667475,-3.785338741592849e-16,3.9471839051083335,2.6542660155127837,0.6133619301616361
3,Tur,8,"['LH_B4B5B6', 'LH_B5B6B7', 'B5_3', 'B5_2', 'LH_B2B3B4', 'B3_3', 'B3_2', 'B4_2']",1,10,0.01,-0.01858507885872691,0.30033661225416053,0.2756788717168621,0.5916158740334552,4.198740070270023,2.7764012713670683,0.643221738506761,0.26276658859290614,0.5386494660340376,4.617073812056786,2.7393370720171224,0.4596640756032712
4,Tur,8,"['LH_B4B5B6', 'LH_B5B6B7', 'B5_3', 'B5_2', 'LH_B2B3B4', 'B3_3', 'B3_2', 'B4_2']",1,8,0.09999999999999999,0.04470198248986821,0.33156695608284303,0.3128695282809645,0.6200014585031789,4.26612424768631,2.8864536467451987,0.6295043236292245,-0.10744817822773611,0.6123787577127449,2.006990421608535,1.6227965061196241,0.3746363116029284
0,Tur,9,"['LH_B2B3B4', 'NR_B3B7', 'NR_B2B7', 'NR_B3B6', 'NR_B1B7', 'NR_B3B8A', 'NR_B1B6', 'NR_B1B8A', 'NR_B2B6']",1,5,1e-06,-0.9621134843617354,-0.0009762115790690196,-0.18482898513440826,-8.876069927852956e-17,1.780806733705131,1.472163171502442,0.6002580892256248,-0.3349643072211186,-2.850621943937298e-17,4.051276482493405,2.1213444412525138,0.45929061518118186
1,Tur,9,"['B3_3', 'B2_3', 'B1_3', 'LH_B4B5B6', 'LH_B5B6B7', 'B3_2', 'B2_2', 'B1_2', 'LH_B8AB11B12']",1,8,1e-06,-0.061094954335198695,0.1902789231278712,0.1228021667218605,0.43159288945351004,2.8006011624630935,1.8986712194165012,0.5434335124959258,0.10356337849354613,0.6053789079951206,7.257220504780827,3.869848652542231,0.724441001778326
2,Tur,9,"['LH_B4B5B6', 'LH_B5B6B7', 'B5_3', 'B5_2', 'B3_3', 'LH_B2B3B4', 'B3_2', 'B4_3', 'B4_2']",1,5,1e-06,-0.05096718862068168,0.022317047568865767,-0.030372452861554544,6.196723503108899e-17,5.101587988693703,2.675463627948546,0.6205621861079471,-0.04972750458581876,-3.785338741592849e-16,3.9471839051083335,2.6542660155127837,0.6133619301616361
3,Tur,9,"['LH_B4B5B6', 'LH_B5B6B7', 'B5_3', 'B5_2', 'LH_B2B3B4', 'B3_3', 'B3_2', 'B4_2', 'B4_3']",1,5,0.09999999999999999,-0.010882625669884561,0.1876661436674919,0.15531656531796723,0.5848183203873372,4.491355641055336,2.6915711107264824,0.6276146938024277,0.12988889360783695,0.5540452095981493,4.995946410024715,2.8327466728922404,0.4643145284403678
4,Tur,9,"['LH_B4B5B6', 'LH_B5B6B7', 'B5_3', 'B5_2', 'LH_B2B3B4', 'B3_3', 'B3_2', 'B4_2', 'B4_3']",1,8,1e-06,0.08954404815762798,0.24635016360862216,0.22255069509099967,0.5834250860204692,4.45838245902916,2.848457886946405,0.6199433124565719,0.2658603703774177,0.5811509158641651,1.8453106108038022,1.4165516077927145,0.34324379484825573
0,Tur,10,"['LH_B2B3B4', 'NR_B3B7', 'NR_B2B7', 'NR_B3B6', 'NR_B1B7', 'NR_B3B8A', 'NR_B1B6', 'NR_B1B8A', 'NR_B2B6', 'NR_B2B8A']",1,"(8, 8)",1e-06,-0.9614068503922765,-0.08125025659490803,-0.30651072671884716,-8.876069927852956e-17,1.780806733705131,1.472163171502442,0.6002580892256248,-0.35171030219452737,-2.850621943937298e-17,4.051276482493405,2.1213444412525138,0.45929061518118186
1,Tur,10,"['B3_3', 'B2_3', 'B1_3', 'LH_B4B5B6', 'LH_B5B6B7', 'B3_2', 'B2_2', 'B1_2', 'LH_B8AB11B12', 'NR_B11B3']",1,6,0.09999999999999999,-0.03761536595255179,0.15686525140534402,0.0780676113497687,0.4398130186842222,2.848049300283073,1.838186252694755,0.53077525017588,0.07663864604261461,0.6326372213097106,7.358360559578964,3.7702661377545645,0.6997398969037177
2,Tur,10,"['LH_B4B5B6', 'LH_B5B6B7', 'B5_3', 'B5_2', 'B3_3', 'LH_B2B3B4', 'B3_2', 'B4_3', 'B4_2', 'B3']",1,5,0.09999999999999999,-0.01784950716825131,0.2597610424905282,0.21516833420682502,0.6303591246617013,4.512209681918617,2.7278741828132085,0.6384882053124229,0.24850893803481222,0.37639828263683367,3.652585638428378,2.630214053815472,0.6112877542526706
3,Tur,10,"['LH_B4B5B6', 'LH_B5B6B7', 'B5_3', 'B5_2', 'LH_B2B3B4', 'B3_3', 'B3_2', 'B4_2', 'B4_3', 'B3']",1,5,0.09999999999999999,-0.04057573615648389,0.007515724319539396,-0.03659468793292553,0.06864354724568007,4.836403816377353,2.709397933242784,0.6256781166877207,-0.11706619243379479,2.7616499236583184e-16,5.469606040646218,3.071078713013502,0.500065681409769
4,Tur,10,"['LH_B4B5B6', 'LH_B5B6B7', 'B5_3', 'B5_2', 'LH_B2B3B4', 'B3_3', 'B3_2', 'B4_2', 'B4_3', 'B3']",1,2,0.01,0.03029429833156185,0.2506958794460402,0.22431193153921059,0.5324780395899109,4.489198978636002,2.9501540751719575,0.6346839747728642,0.00030683382063156905,0.5301249482441921,2.027310983312018,1.6263506827408312,0.37526578195393584
0,Tur,11,"['LH_B2B3B4', 'NR_B3B7', 'NR_B2B7', 'NR_B3B6', 'NR_B1B7', 'NR_B3B8A', 'NR_B1B6', 'NR_B1B8A', 'NR_B2B6', 'NR_B2B8A', 'Image_Year']",1,2,1e-06,-0.7510697705279046,0.5170359557300616,0.40400181770943766,0.7490122978384655,1.5091387699753767,1.2474169563234576,0.5377624802072475,-0.06618888149165247,0.016663710478611187,3.8114736381516274,1.984319227704647,0.4199900651387246
1,Tur,11,"['B3_3', 'B2_3', 'B1_3', 'LH_B4B5B6', 'LH_B5B6B7', 'B3_2', 'B2_2', 'B1_2', 'LH_B8AB11B12', 'NR_B11B3', 'B3']",1,2,1e-06,-0.02664360418883043,0.13769481248528403,0.04821031189413427,0.40047195484110165,2.8853063556360006,1.8267968256554479,0.5273662599000035,0.0673579955758905,0.5788379604059917,7.404056512626903,3.785817039046881,0.7015214775987263
2,Tur,11,"['LH_B4B5B6', 'LH_B5B6B7', 'B5_3', 'B5_2', 'B3_3', 'LH_B2B3B4', 'B3_2', 'B4_3', 'B4_2', 'B3', 'B5']",1,4,0.01,-0.1331731004039435,0.21968123097239634,0.16765997970388946,0.5785944803040172,4.584371278649598,2.804453696873466,0.6501532385849328,0.37104077777974476,0.6043306578350818,3.362670353028281,2.569285089879667,0.6018468609267504
3,Tur,11,"['LH_B4B5B6', 'LH_B5B6B7', 'B5_3', 'B5_2', 'LH_B2B3B4', 'B3_3', 'B3_2', 'B4_2', 'B4_3', 'B3', 'B5']",1,2,0.09999999999999999,-0.06136949659211608,0.1844287305252601,0.1443783556849827,0.551763910098992,4.485891498514841,2.7394731675966377,0.6364802741416862,0.1597964845272819,0.5327276832311534,4.904617816964207,2.81622703693529,0.4625469186469722
4,Tur,11,"['LH_B4B5B6', 'LH_B5B6B7', 'B5_3', 'B5_2', 'LH_B2B3B4', 'B3_3', 'B3_2', 'B4_2', 'B4_3', 'B3', 'B5']",1,2,1e-06,0.04266313715102641,0.23947233997419792,0.20991119417814197,0.5529465594626897,4.5034141774781995,2.965418559905095,0.6382975434227565,0.05719960703051674,0.5259697781035146,1.975751555738372,1.5724295264781913,0.3698401349451177
0,Tur,12,"['LH_B2B3B4', 'NR_B3B7', 'NR_B2B7', 'NR_B3B6', 'NR_B1B7', 'NR_B3B8A', 'NR_B1B6', 'NR_B1B8A', 'NR_B2B6', 'NR_B2B8A', 'Image_Year', 'NR_B1B11']",1,5,9.999999999999999e-05,-0.6520922151872062,0.5960195596594786,0.4906333578315165,0.7341920508064809,1.460093017086307,1.1859394131764793,0.523908087977862,-0.08763534373553816,-0.033530471698636745,3.8412929017305695,2.0908390269547574,0.44654994029469275
1,Tur,12,"['B3_3', 'B2_3', 'B1_3', 'LH_B4B5B6', 'LH_B5B6B7', 'B3_2', 'B2_2', 'B1_2', 'LH_B8AB11B12', 'NR_B11B3', 'B3', 'LH_B2B3B4']",1,4,1e-06,0.02209774730180103,0.1565863974788123,0.06019627147639084,0.42105224684626197,2.858475400361228,1.85408671196484,0.535002413527509,0.04101732315105211,0.5505041346839007,7.503306549807169,3.7852592699365175,0.6972603380039467
2,Tur,12,"['LH_B4B5B6', 'LH_B5B6B7', 'B5_3', 'B5_2', 'B3_3', 'LH_B2B3B4', 'B3_2', 'B4_3', 'B4_2', 'B3', 'B5', 'B4']",1,"(6, 6)",1e-06,-0.07337214263282073,0.007226597964838266,-0.06541535828163703,0.6231880963210328,5.089177120083426,2.6733966327202583,0.6203686487664071,-0.013707197568775475,0.2287450189163409,3.9441669689875587,2.653032474546874,0.6130988414955241
3,Tur,12,"['LH_B4B5B6', 'LH_B5B6B7', 'B5_3', 'B5_2', 'LH_B2B3B4', 'B3_3', 'B3_2', 'B4_2', 'B4_3', 'B3', 'B5', 'B4']",1,4,0.09999999999999999,-0.009893301482409255,0.18772489362495592,0.14401502242988629,0.5395546171435492,4.484398721289528,2.7313130019120626,0.6340363431577345,0.12373960436759113,0.4865571360911819,5.0044147587281635,2.8391343933241457,0.465429368343803
4,Tur,12,"['LH_B4B5B6', 'LH_B5B6B7', 'B5_3', 'B5_2', 'LH_B2B3B4', 'B3_3', 'B3_2', 'B4_2', 'B4_3', 'B3', 'B5', 'B4']",1,4,1e-06,0.019212969438120852,0.16105394799960582,0.125354115999589,0.5261333410685165,4.668935024911024,2.8703130079468475,0.620422430786117,0.2441555953569362,0.5309190285760854,1.8598073933149515,1.3862702121444699,0.3394345495019868
