,WQ,nvar,var,random_state,r2,rmse,mae,smape,r2_test,rmse_test,mae_test,smape_test
0,Chla,4,"['TB_B2B3B4', 'LH_B3B4B5', 'LH_B7B8AB11', 'B11_3']",1,1.7699331045150757,1.3404582972828865,0.6324429069330242,1.9388978933981482,0.33003124594688416,0.5976694873556093,0.4327966915212333,1.8968439950289682
1,Chla,4,"['TB_B2B3B4', 'LH_B3B4B5', 'B11_3', 'B12_3']",1,0.6434884667396545,0.8338088439777621,0.5362182329766896,1.9333244884504535,0.9654468894004822,0.918000403382117,0.6035357713916195,1.901244964444807
2,Chla,4,"['TB_B2B3B4', 'LH_B3B4B5', 'B11_3', 'B11_2']",1,0.7995541095733643,0.8862966911026071,0.566371718390761,1.9046653808222922,1.0540016889572144,1.0481779512656983,0.7832067361696977,1.9435986949785538
3,Chla,4,"['TB_B2B3B4', 'LH_B3B4B5', 'LH_B7B8AB11', 'B8A_3']",1,0.8956552743911743,0.9532215186978109,0.5656019023341275,1.8823501962500138,0.24427111446857452,0.507431636415815,0.41201677751985505,1.9442141778653412
4,Chla,4,"['TB_B2B3B4', 'LH_B3B4B5', 'B8A_3', 'LH_B1B2B3']",1,0.531860888004303,0.7663950408675279,0.5273811518016848,1.8092350313887062,0.724712610244751,0.8491684735927097,0.44504478009777265,1.9309272544122027
0,Chla,5,"['TB_B2B3B4', 'LH_B3B4B5', 'LH_B7B8AB11', 'B11_3', 'B12_3']",1,2.0992918014526367,1.4584456800066612,0.6564255180074365,1.9554341513435975,0.3459088206291199,0.6109885443814628,0.43993131102165817,1.977019207207694
1,Chla,5,"['TB_B2B3B4', 'LH_B3B4B5', 'B11_3', 'B12_3', 'B11_2']",1,0.4955805838108063,0.7343068023794682,0.48744698036175427,1.949194034170842,1.0179998874664307,0.9741620436649033,0.6122399032711633,1.9221596895232633
2,Chla,5,"['TB_B2B3B4', 'LH_B3B4B5', 'B11_3', 'B11_2', 'B8A_3']",1,0.7649729251861572,0.8660820806107408,0.562458433817899,1.8954246289606616,1.1575084924697876,1.0971586243672466,0.8069983315160395,1.9415045240871414
3,Chla,5,"['TB_B2B3B4', 'LH_B3B4B5', 'LH_B7B8AB11', 'B8A_3', 'NR_B2B3']",1,1.116088628768921,1.067975291900413,0.5513964076657439,1.9329978578369584,0.2318297177553177,0.503368540505592,0.4032104896290108,1.9880949519899918
4,Chla,5,"['TB_B2B3B4', 'LH_B3B4B5', 'B8A_3', 'LH_B1B2B3', 'NR_B2B3']",1,0.5750107169151306,0.7929293549719004,0.519969231044471,1.8097508592034768,0.6005390882492065,0.773235910285746,0.4128885531622445,1.9067964780126914
0,Chla,6,"['TB_B2B3B4', 'LH_B3B4B5', 'LH_B7B8AB11', 'B11_3', 'B12_3', 'NR_B2B3']",1,1.8816665410995483,1.3822507065512661,0.6333548467275061,1.9444298430980977,0.37976670265197754,0.623431182444706,0.438980089828298,1.8848850289071608
1,Chla,6,"['TB_B2B3B4', 'LH_B3B4B5', 'B11_3', 'B12_3', 'B11_2', 'NR_B12B2']",1,0.5471289157867432,0.7713841480609092,0.5105131522644755,1.9564751667837696,1.0299403667449951,0.9384506360640759,0.6071879481797909,1.9241804513167249
2,Chla,6,"['TB_B2B3B4', 'LH_B3B4B5', 'B11_3', 'B11_2', 'B8A_3', 'B8A_2']",1,0.7943992614746094,0.8908361463867587,0.5612907664461546,1.9265913867248925,0.985690176486969,1.015465196475442,0.758864656349176,1.9563559197405889
3,Chla,6,"['TB_B2B3B4', 'LH_B3B4B5', 'LH_B7B8AB11', 'B8A_3', 'NR_B2B3', 'B2']",1,0.8461480736732483,0.9323034135232431,0.5537128527458429,1.8003369906850624,0.22476887702941895,0.4987681836637824,0.40349200537677987,1.8350070023492089
4,Chla,6,"['TB_B2B3B4', 'LH_B3B4B5', 'B8A_3', 'LH_B1B2B3', 'NR_B2B3', 'B2']",1,0.47023001313209534,0.726198193252149,0.4960269330271669,1.7807243089251088,0.500543475151062,0.6888126620471503,0.3802194325947686,1.8831230965994792
0,Chla,7,"['TB_B2B3B4', 'LH_B3B4B5', 'LH_B7B8AB11', 'B11_3', 'B12_3', 'NR_B2B3', 'B11_2']",1,2.08122181892395,1.4550499890036375,0.6556170781269532,1.9559661726975466,0.41018861532211304,0.6256961489920165,0.4427194125534132,1.9070780650449868
1,Chla,7,"['TB_B2B3B4', 'LH_B3B4B5', 'B11_3', 'B12_3', 'B11_2', 'NR_B12B2', 'B12_2']",1,0.5130372643470764,0.7476582437502242,0.5002203945041841,1.9558896587975823,0.9644187688827515,0.9277250294797539,0.5857273353701582,1.9146143853430366
2,Chla,7,"['TB_B2B3B4', 'LH_B3B4B5', 'B11_3', 'B11_2', 'B8A_3', 'B8A_2', 'B12_3']",1,0.8408770561218262,0.9078100866418054,0.5671538548607749,1.9253868384839279,0.9923111200332642,1.0180910602324091,0.751135441227932,1.9538544247578302
3,Chla,7,"['TB_B2B3B4', 'LH_B3B4B5', 'LH_B7B8AB11', 'B8A_3', 'NR_B2B3', 'B2', 'LH_B1B2B3']",1,0.9444894790649414,0.9862412760156115,0.5335460844668902,1.7890250597490271,0.20678351819515228,0.4849686302729876,0.39864915601518125,1.8261304599693544
4,Chla,7,"['TB_B2B3B4', 'LH_B3B4B5', 'B8A_3', 'LH_B1B2B3', 'NR_B2B3', 'B2', 'LH_B7B8AB11']",1,0.38858795166015625,0.6699621480010184,0.48769662976560635,1.7907958641619564,0.7384030222892761,0.8475120320421333,0.41647125130476265,1.900423223110803
0,Chla,8,"['TB_B2B3B4', 'LH_B3B4B5', 'LH_B7B8AB11', 'B11_3', 'B12_3', 'NR_B2B3', 'B11_2', 'B12_2']",1,2.359353542327881,1.5431678632865347,0.6672397149742776,1.9563159673278991,0.36157315969467163,0.6238752113509214,0.44260557843585774,1.986819401114861
1,Chla,8,"['TB_B2B3B4', 'LH_B3B4B5', 'B11_3', 'B12_3', 'B11_2', 'NR_B12B2', 'B12_2', 'LH_B7B8AB11']",1,0.39237478375434875,0.6578675218227009,0.466334895562608,1.9496977292310511,1.0333068370819092,0.9688684935890826,0.6021034116047574,1.9402471289626761
2,Chla,8,"['TB_B2B3B4', 'LH_B3B4B5', 'B11_3', 'B11_2', 'B8A_3', 'B8A_2', 'B12_3', 'B12_2']",1,0.8171535134315491,0.8931387418781305,0.5695351863690911,1.9139787085927829,1.435617446899414,1.2165216023444654,0.8613742264519989,1.9617655599547075
3,Chla,8,"['TB_B2B3B4', 'LH_B3B4B5', 'LH_B7B8AB11', 'B8A_3', 'NR_B2B3', 'B2', 'LH_B1B2B3', 'B4_3']",1,0.6954732537269592,0.8578882511836303,0.5446604037658817,1.8066404367461628,0.20512403547763824,0.5026445588095219,0.4071053166927139,1.8308639322705325
4,Chla,8,"['TB_B2B3B4', 'LH_B3B4B5', 'B8A_3', 'LH_B1B2B3', 'NR_B2B3', 'B2', 'LH_B7B8AB11', 'B8A_2']",1,0.3937954604625702,0.674101846840556,0.48997116278436387,1.8110011402704247,0.7445457577705383,0.8445170594933972,0.41471858670134343,1.8968217809599919
0,Chla,9,"['TB_B2B3B4', 'LH_B3B4B5', 'LH_B7B8AB11', 'B11_3', 'B12_3', 'NR_B2B3', 'B11_2', 'B12_2', 'B8A_3']",1,2.563467025756836,1.6063260002007833,0.6727222755662076,1.959809792535568,0.3822048008441925,0.628351502429306,0.44465467771097394,1.999139070873827
1,Chla,9,"['TB_B2B3B4', 'LH_B3B4B5', 'B11_3', 'B12_3', 'B11_2', 'NR_B12B2', 'B12_2', 'LH_B7B8AB11', 'NR_B1B12']",1,0.49541616439819336,0.735829280810566,0.5121385277709594,1.9561119522639063,1.0692552328109741,0.9595198029523739,0.6178505498880202,1.938932560343274
2,Chla,9,"['TB_B2B3B4', 'LH_B3B4B5', 'B11_3', 'B11_2', 'B8A_3', 'B8A_2', 'B12_3', 'B12_2', 'B11']",1,0.9219319820404053,0.9517609972914356,0.5808466139749925,1.9208352965628053,1.0965759754180908,1.0665763110956585,0.7801865518657009,1.91298359466793
3,Chla,9,"['TB_B2B3B4', 'LH_B3B4B5', 'LH_B7B8AB11', 'B8A_3', 'NR_B2B3', 'B2', 'LH_B1B2B3', 'B4_3', 'B8A_2']",1,0.7144841551780701,0.8651742424371918,0.5397316240545189,1.7793951080027104,0.21951477229595184,0.5055699798533754,0.41458081645074035,1.8106561242229788
4,Chla,9,"['TB_B2B3B4', 'LH_B3B4B5', 'B8A_3', 'LH_B1B2B3', 'NR_B2B3', 'B2', 'LH_B7B8AB11', 'B8A_2', 'B2_2']",1,0.44439294934272766,0.7090505680502491,0.4969136701570917,1.7927911173371536,0.7741373777389526,0.8691762141400186,0.42576156923450403,1.9045529516819824
0,Chla,10,"['TB_B2B3B4', 'LH_B3B4B5', 'LH_B7B8AB11', 'B11_3', 'B12_3', 'NR_B2B3', 'B11_2', 'B12_2', 'B8A_3', 'NR_B2B4']",1,2.391843557357788,1.555341337670735,0.6506173798492427,1.9507727907871841,0.44598323106765747,0.6269038763268039,0.4433359479047877,1.9357747752832877
1,Chla,10,"['TB_B2B3B4', 'LH_B3B4B5', 'B11_3', 'B12_3', 'B11_2', 'NR_B12B2', 'B12_2', 'LH_B7B8AB11', 'NR_B1B12', 'B8A_3']",1,0.3220655024051666,0.5992903943632796,0.45610033284876594,1.9304293559786,1.14911687374115,0.9923489464390025,0.6154717406222279,1.9145038135580414
2,Chla,10,"['TB_B2B3B4', 'LH_B3B4B5', 'B11_3', 'B11_2', 'B8A_3', 'B8A_2', 'B12_3', 'B12_2', 'B11', 'NR_B12B2']",1,0.7140730023384094,0.8598170995559398,0.5597835984891891,1.920564457938588,0.9448888897895813,0.99214778498318,0.7343309951405079,1.9345914111694356
3,Chla,10,"['TB_B2B3B4', 'LH_B3B4B5', 'LH_B7B8AB11', 'B8A_3', 'NR_B2B3', 'B2', 'LH_B1B2B3', 'B4_3', 'B8A_2', 'B2_2']",1,0.7630060315132141,0.8989612244210756,0.5333976905841743,1.7887728384117716,0.19176355004310608,0.48798214214242897,0.3975217147909022,1.8164958770383515
4,Chla,10,"['TB_B2B3B4', 'LH_B3B4B5', 'B8A_3', 'LH_B1B2B3', 'NR_B2B3', 'B2', 'LH_B7B8AB11', 'B8A_2', 'B2_2', 'B4_3']",1,0.3945770263671875,0.6723007513413702,0.4827694141439785,1.8070543074564087,0.7445631623268127,0.839926741074213,0.4085816018054918,1.8889391397632378
0,Chla,11,"['TB_B2B3B4', 'LH_B3B4B5', 'LH_B7B8AB11', 'B11_3', 'B12_3', 'NR_B2B3', 'B11_2', 'B12_2', 'B8A_3', 'NR_B2B4', 'NR_B2B5']",1,2.145598888397217,1.478699641337908,0.6653812012351281,1.9593977109847611,0.44679293036460876,0.6323003429797103,0.45022292641220846,1.975792073050709
1,Chla,11,"['TB_B2B3B4', 'LH_B3B4B5', 'B11_3', 'B12_3', 'B11_2', 'NR_B12B2', 'B12_2', 'LH_B7B8AB11', 'NR_B1B12', 'B8A_3', 'NR_B1B7']",1,0.44940754771232605,0.698746118615646,0.5083168007878304,1.9541585931651506,0.9403844475746155,0.9671288876521406,0.6599970345239169,1.9186548692482661
2,Chla,11,"['TB_B2B3B4', 'LH_B3B4B5', 'B11_3', 'B11_2', 'B8A_3', 'B8A_2', 'B12_3', 'B12_2', 'B11', 'NR_B12B2', 'LH_B7B8AB11']",1,0.676353931427002,0.8257249437699496,0.5531998612481797,1.9345329545014036,0.9344037771224976,0.9810738417959,0.7181955760372067,1.9487328829330628
3,Chla,11,"['TB_B2B3B4', 'LH_B3B4B5', 'LH_B7B8AB11', 'B8A_3', 'NR_B2B3', 'B2', 'LH_B1B2B3', 'B4_3', 'B8A_2', 'B2_2', 'B11_2']",1,0.7188111543655396,0.8723739757475946,0.5594088178129012,1.7927731338580535,0.20142249763011932,0.4945242252675943,0.4005856961332684,1.8411502837717453
4,Chla,11,"['TB_B2B3B4', 'LH_B3B4B5', 'B8A_3', 'LH_B1B2B3', 'NR_B2B3', 'B2', 'LH_B7B8AB11', 'B8A_2', 'B2_2', 'B4_3', 'B1']",1,0.3930398225784302,0.6717473109042976,0.48282566518909686,1.7919909333234993,0.5966895222663879,0.7579242014438496,0.3937071818700306,1.8950072779442697
0,Chla,12,"['TB_B2B3B4', 'LH_B3B4B5', 'LH_B7B8AB11', 'B11_3', 'B12_3', 'NR_B2B3', 'B11_2', 'B12_2', 'B8A_3', 'NR_B2B4', 'NR_B2B5', 'B4_2']",1,2.502189874649048,1.5919042140463509,0.6745839733434711,1.9505875887424426,0.42547154426574707,0.6293021772386729,0.4458034124814998,1.9851808624445464
1,Chla,12,"['TB_B2B3B4', 'LH_B3B4B5', 'B11_3', 'B12_3', 'B11_2', 'NR_B12B2', 'B12_2', 'LH_B7B8AB11', 'NR_B1B12', 'B8A_3', 'NR_B1B7', 'B8A_2']",1,0.2699006199836731,0.5557551605723846,0.4307171231517475,1.94241932351429,1.2042490243911743,1.0175718936683098,0.6313009552748178,1.926515922326944
2,Chla,12,"['TB_B2B3B4', 'LH_B3B4B5', 'B11_3', 'B11_2', 'B8A_3', 'B8A_2', 'B12_3', 'B12_2', 'B11', 'NR_B12B2', 'LH_B7B8AB11', 'B4_3']",1,0.6577430367469788,0.8071381423738822,0.5232939467665977,1.9333672977947403,0.5514916777610779,0.7698289179411532,0.5608521109052488,1.9601380601123632
3,Chla,12,"['TB_B2B3B4', 'LH_B3B4B5', 'LH_B7B8AB11', 'B8A_3', 'NR_B2B3', 'B2', 'LH_B1B2B3', 'B4_3', 'B8A_2', 'B2_2', 'B11_2', 'B1']",1,0.7426193952560425,0.8861563602979629,0.5684700043073075,1.7769771423773741,0.19599470496177673,0.490762624949038,0.3974994439397603,1.837974986222494
4,Chla,12,"['TB_B2B3B4', 'LH_B3B4B5', 'B8A_3', 'LH_B1B2B3', 'NR_B2B3', 'B2', 'LH_B7B8AB11', 'B8A_2', 'B2_2', 'B4_3', 'B1', 'B11_2']",1,0.3982299864292145,0.6762903002877558,0.475284597683264,1.7964691734298435,0.671006441116333,0.8088174641264994,0.4026039541978084,1.880352446700021
0,SS,4,"['Image_Year', 'LH_B7B8AB11', 'NR_B12B4', 'TB_B1B2B3']",1,0.11951310932636261,0.6630654037805909,0.5651570898789013,2.0,0.18090492486953735,0.4741548006989537,0.41022394008452984,2.0
1,SS,4,"['B3_2', 'Image_Year', 'B3_3', 'B2_3']",1,0.1608026772737503,0.5764019885100079,0.48769051498171556,2.0,2.027712821960449,1.332598445246087,0.8023497259276295,2.0
2,SS,4,"['LH_B5B6B7', 'Image_Year', 'LH_B4B5B6', 'B5_2']",1,0.4143158793449402,0.7471874265690968,0.5335322511829353,1.792528087462659,0.4366895258426666,0.6613585104172767,0.4645111568824545,1.192041780107543
3,SS,4,"['LH_B5B6B7', 'LH_B4B5B6', 'B5_2', 'B3_2']",1,0.4340648651123047,0.6918213473998893,0.5404375369982335,1.7205481321248872,0.8170202374458313,0.8995057189280055,0.5985079527696593,1.7508354096480727
4,SS,4,"['LH_B5B6B7', 'LH_B4B5B6', 'B5_2', 'B5_3']",1,0.4167867600917816,0.6839553901571983,0.5311440926852092,1.7231276192562204,0.854231595993042,0.9655561374484206,0.8670286651862396,1.9089909122155142
0,SS,5,"['Image_Year', 'LH_B7B8AB11', 'NR_B12B4', 'TB_B1B2B3', 'NR_B12B5']",1,0.11697596311569214,0.6630654037805909,0.5651570898789013,2.0,0.17699110507965088,0.4741548006989537,0.41022394008452984,2.0
1,SS,5,"['B3_2', 'Image_Year', 'B3_3', 'B2_3', 'B1_3']",1,0.14518435299396515,0.5764019885100079,0.48769051498171556,2.0,2.036437511444092,1.332598445246087,0.8023497259276295,2.0
2,SS,5,"['LH_B5B6B7', 'Image_Year', 'LH_B4B5B6', 'B5_2', 'B5_3']",1,0.38173291087150574,0.7216098210252025,0.5262291495825384,1.7947859937539004,0.36689895391464233,0.6086068966495584,0.453035167382624,1.3404134662609433
3,SS,5,"['LH_B5B6B7', 'LH_B4B5B6', 'B5_2', 'B3_2', 'B5_3']",1,0.4427546560764313,0.7007705053863738,0.5452445690709047,1.7220062247377292,0.7976441383361816,0.8901395748281651,0.5990091802282194,1.760487619125591
4,SS,5,"['LH_B5B6B7', 'LH_B4B5B6', 'B5_2', 'B5_3', 'B4_2']",1,0.40999364852905273,0.6809332594817641,0.5339915356274373,1.708617634337494,0.8981321454048157,0.9828701529258482,0.8797886677942559,1.9114568525359108
0,SS,6,"['Image_Year', 'LH_B7B8AB11', 'NR_B12B4', 'TB_B1B2B3', 'NR_B12B5', 'NR_B12B7']",1,0.12043885141611099,0.6630654037805909,0.5651570898789013,2.0,0.17331616580486298,0.4741548006989537,0.41022394008452984,2.0
1,SS,6,"['B3_2', 'Image_Year', 'B3_3', 'B2_3', 'B1_3', 'B2_2']",1,0.17054857313632965,0.5764019885100079,0.48769051498171556,2.0,2.0388126373291016,1.332598445246087,0.8023497259276295,2.0
2,SS,6,"['LH_B5B6B7', 'Image_Year', 'LH_B4B5B6', 'B5_2', 'B5_3', 'B5']",1,0.3640132546424866,0.7089514523834992,0.5256712652094533,1.7984438730906533,0.3709445297718048,0.6092753449638495,0.43129374438148477,1.3058481621321174
3,SS,6,"['LH_B5B6B7', 'LH_B4B5B6', 'B5_2', 'B3_2', 'B5_3', 'B3']",1,0.435129314661026,0.6938236571397274,0.5441260255388088,1.7172390224739134,0.822418212890625,0.904693001345004,0.608505359112689,1.7456053582036986
4,SS,6,"['LH_B5B6B7', 'LH_B4B5B6', 'B5_2', 'B5_3', 'B4_2', 'B4_3']",1,0.4127569794654846,0.6826212908723959,0.5299473338013883,1.6905526495363843,1.0235837697982788,1.0274695982547684,0.9074428873077308,1.934097631765466
0,SS,7,"['Image_Year', 'LH_B7B8AB11', 'NR_B12B4', 'TB_B1B2B3', 'NR_B12B5', 'NR_B12B7', 'NR_B12B6']",1,0.10061179846525192,0.662741180795729,0.5629216803119897,1.9695842984857481,0.16887764632701874,0.4741548006989537,0.41022394008452984,2.0
1,SS,7,"['B3_2', 'Image_Year', 'B3_3', 'B2_3', 'B1_3', 'B2_2', 'B3']",1,0.1596098393201828,0.5764019885100079,0.48769051498171556,2.0,2.069627046585083,1.332598445246087,0.8023497259276295,2.0
2,SS,7,"['LH_B5B6B7', 'Image_Year', 'LH_B4B5B6', 'B5_2', 'B5_3', 'B5', 'B4_2']",1,0.42302531003952026,0.745446310255123,0.5319405690171615,1.7514516844748078,0.48453623056411743,0.6963435732155069,0.4778220983588704,1.1987204203922341
3,SS,7,"['LH_B5B6B7', 'LH_B4B5B6', 'B5_2', 'B3_2', 'B5_3', 'B3', 'B3_3']",1,0.3256427049636841,0.6191529637124797,0.5036075291124859,1.7174789709770544,0.786375105381012,0.8927405178886181,0.6561420515837145,1.76455275658326
4,SS,7,"['LH_B5B6B7', 'LH_B4B5B6', 'B5_2', 'B5_3', 'B4_2', 'B4_3', 'B5']",1,0.4251280725002289,0.6879109880431415,0.5309135197411476,1.718324958099618,0.973037600517273,0.9898052206008408,0.883852363210868,1.9215518018642603
0,SS,8,"['Image_Year', 'LH_B7B8AB11', 'NR_B12B4', 'TB_B1B2B3', 'NR_B12B5', 'NR_B12B7', 'NR_B12B6', 'TB_B4B5B6']",1,0.0962478443980217,0.6627360007401409,0.56279144831891,1.9683034527964376,0.19126355648040771,0.4741548006989537,0.41022394008452984,2.0
1,SS,8,"['B3_2', 'Image_Year', 'B3_3', 'B2_3', 'B1_3', 'B2_2', 'B3', 'B1_2']",1,0.18709084391593933,0.5764019885100079,0.48769051498171556,2.0,2.107675313949585,1.332598445246087,0.8023497259276295,2.0
2,SS,8,"['LH_B5B6B7', 'Image_Year', 'LH_B4B5B6', 'B5_2', 'B5_3', 'B5', 'B4_2', 'B4']",1,0.5028941035270691,0.7924212814290476,0.5436718436751834,1.7801988554191663,0.44611823558807373,0.6656312830993794,0.4577386431357418,1.3266917278505765
3,SS,8,"['LH_B5B6B7', 'LH_B4B5B6', 'B5_2', 'B3_2', 'B5_3', 'B3', 'B3_3', 'B4']",1,0.3231125473976135,0.6168108885475958,0.5022642403833733,1.7130266856608678,0.7977433204650879,0.9017762410716771,0.6637957837780735,1.765360384800161
4,SS,8,"['LH_B5B6B7', 'LH_B4B5B6', 'B5_2', 'B5_3', 'B4_2', 'B4_3', 'B5', 'B4']",1,0.4162844717502594,0.6830967804701058,0.5341787144203451,1.6875080654797863,0.8869127035140991,0.9615732491249449,0.8641208534116988,1.9055290291724987
0,SS,9,"['Image_Year', 'LH_B7B8AB11', 'NR_B12B4', 'TB_B1B2B3', 'NR_B12B5', 'NR_B12B7', 'NR_B12B6', 'TB_B4B5B6', 'NR_B12B8A']",1,0.149261474609375,0.6628340283419596,0.563942119281125,1.97921129141564,0.17395088076591492,0.4741548006989537,0.41022394008452984,2.0
1,SS,9,"['B3_2', 'Image_Year', 'B3_3', 'B2_3', 'B1_3', 'B2_2', 'B3', 'B1_2', 'LH_B5B6B7']",1,0.18075557053089142,0.5763621303376548,0.4875406032070459,1.9966645769578917,1.9027100801467896,1.3061409061993754,0.7939420614265686,1.9921977539001523
2,SS,9,"['LH_B5B6B7', 'Image_Year', 'LH_B4B5B6', 'B5_2', 'B5_3', 'B5', 'B4_2', 'B4', 'B3_2']",1,0.45918726921081543,0.7643524352396918,0.544961105613046,1.8216931128399523,0.46095940470695496,0.6767923282236449,0.43956543420346456,1.3805503706933695
3,SS,9,"['LH_B5B6B7', 'LH_B4B5B6', 'B5_2', 'B3_2', 'B5_3', 'B3', 'B3_3', 'B4', 'B4_2']",1,0.435074120759964,0.6964128396643521,0.5436407633079996,1.7334488790766698,0.7772554755210876,0.8889594187301245,0.6001267718455382,1.7748790795618294
4,SS,9,"['LH_B5B6B7', 'LH_B4B5B6', 'B5_2', 'B5_3', 'B4_2', 'B4_3', 'B5', 'B4', 'B3_2']",1,0.4273655414581299,0.6894150602959992,0.5404212538935419,1.7201026484946953,0.901814877986908,0.968138471040716,0.8673584577489223,1.9016418576316805
0,SS,10,"['Image_Year', 'LH_B7B8AB11', 'NR_B12B4', 'TB_B1B2B3', 'NR_B12B5', 'NR_B12B7', 'NR_B12B6', 'TB_B4B5B6', 'NR_B12B8A', 'NR_B12B3']",1,0.13259652256965637,0.6627045235095713,0.5631197086507509,1.9683738067431211,0.17416365444660187,0.47612696142449057,0.4114200685428196,2.0
1,SS,10,"['B3_2', 'Image_Year', 'B3_3', 'B2_3', 'B1_3', 'B2_2', 'B3', 'B1_2', 'LH_B5B6B7', 'B2']",1,0.1855451911687851,0.5764019885100079,0.48769051498171556,2.0,1.9613171815872192,1.3157800427226765,0.7972502641822219,1.9953238916501395
2,SS,10,"['LH_B5B6B7', 'Image_Year', 'LH_B4B5B6', 'B5_2', 'B5_3', 'B5', 'B4_2', 'B4', 'B3_2', 'B3']",1,0.6985619068145752,0.8872094680764911,0.5884976901212412,1.9837317717675813,0.7381554245948792,0.8562497712690506,0.5050763431338886,1.9436683894713458
3,SS,10,"['LH_B5B6B7', 'LH_B4B5B6', 'B5_2', 'B3_2', 'B5_3', 'B3', 'B3_3', 'B4', 'B4_2', 'B5']",1,0.47632527351379395,0.7257056117037379,0.5604638812811734,1.7080068250582547,0.8246825933456421,0.9144462636546437,0.595045704794368,1.774465318553612
4,SS,10,"['LH_B5B6B7', 'LH_B4B5B6', 'B5_2', 'B5_3', 'B4_2', 'B4_3', 'B5', 'B4', 'B3_2', 'B3_3']",1,0.4264465868473053,0.6858777070433267,0.524403877836475,1.728271073719276,1.0599437952041626,1.0009777360292706,0.8913779445722467,1.9304552364904144
0,SS,11,"['Image_Year', 'LH_B7B8AB11', 'NR_B12B4', 'TB_B1B2B3', 'NR_B12B5', 'NR_B12B7', 'NR_B12B6', 'TB_B4B5B6', 'NR_B12B8A', 'NR_B12B3', 'NR_B12B2']",1,0.11479047685861588,0.6628408492370651,0.5639913367947808,1.9736781309291436,0.18822349607944489,0.47424614934460735,0.41028171037110606,2.0
1,SS,11,"['B3_2', 'Image_Year', 'B3_3', 'B2_3', 'B1_3', 'B2_2', 'B3', 'B1_2', 'LH_B5B6B7', 'B2', 'LH_B2B3B4']",1,0.1865701824426651,0.5764019885100079,0.48769051498171556,2.0,1.9709559679031372,1.32065152457908,0.7983126752394638,1.9937680010997565
2,SS,11,"['LH_B5B6B7', 'Image_Year', 'LH_B4B5B6', 'B5_2', 'B5_3', 'B5', 'B4_2', 'B4', 'B3_2', 'B3', 'B3_3']",1,0.4081208109855652,0.738490144938185,0.5341763769064832,1.8147128274285407,0.37174975872039795,0.6091254836687517,0.420031210979998,1.3054940385774343
3,SS,11,"['LH_B5B6B7', 'LH_B4B5B6', 'B5_2', 'B3_2', 'B5_3', 'B3', 'B3_3', 'B4', 'B4_2', 'B5', 'LH_B2B3B4']",1,0.4451116919517517,0.7032335074183164,0.5452427874416395,1.715141553192756,0.8045297265052795,0.8996788283584776,0.5912487405893242,1.769819414361421
4,SS,11,"['LH_B5B6B7', 'LH_B4B5B6', 'B5_2', 'B5_3', 'B4_2', 'B4_3', 'B5', 'B4', 'B3_2', 'B3_3', 'B3']",1,0.4115704298019409,0.6814458714824893,0.5224349265083792,1.7018683129278358,1.0259793996810913,1.009194309526207,0.8955749201102803,1.9214743318778487
0,SS,12,"['Image_Year', 'LH_B7B8AB11', 'NR_B12B4', 'TB_B1B2B3', 'NR_B12B5', 'NR_B12B7', 'NR_B12B6', 'TB_B4B5B6', 'NR_B12B8A', 'NR_B12B3', 'NR_B12B2', 'LH_B2B3B4']",1,0.10293921083211899,0.6627732403490886,0.5638834422221146,1.9600872088724062,0.16135965287685394,0.47468343864286516,0.410554856864056,2.0
1,SS,12,"['B3_2', 'Image_Year', 'B3_3', 'B2_3', 'B1_3', 'B2_2', 'B3', 'B1_2', 'LH_B5B6B7', 'B2', 'LH_B2B3B4', 'B1']",1,0.17019672691822052,0.5764019885100079,0.48769051498171556,2.0,2.077070713043213,1.332598445246087,0.8023497259276295,2.0
2,SS,12,"['LH_B5B6B7', 'Image_Year', 'LH_B4B5B6', 'B5_2', 'B5_3', 'B5', 'B4_2', 'B4', 'B3_2', 'B3', 'B3_3', 'B4_3']",1,0.4736670255661011,0.7820488055745498,0.5448332216238407,1.792850427418735,0.5073080062866211,0.7138243651479454,0.4718909268430805,1.2593317042366803
3,SS,12,"['LH_B5B6B7', 'LH_B4B5B6', 'B5_2', 'B3_2', 'B5_3', 'B3', 'B3_3', 'B4', 'B4_2', 'B5', 'LH_B2B3B4', 'B4_3']",1,0.4614505171775818,0.7156598103203903,0.554709235262112,1.7132344328141857,0.7805609107017517,0.8894377566093856,0.5888832381236184,1.7810771588869208
4,SS,12,"['LH_B5B6B7', 'LH_B4B5B6', 'B5_2', 'B5_3', 'B4_2', 'B4_3', 'B5', 'B4', 'B3_2', 'B3_3', 'B3', 'LH_B7B8AB11']",1,0.4153206944465637,0.6852834877740587,0.5320234632514818,1.705115524929089,0.8911138772964478,0.9680503794118768,0.8697945299041242,1.9113674051520024
0,Tur,4,"['LH_B2B3B4', 'NR_B3B7', 'NR_B2B7', 'NR_B3B6']",1,0.09978456795215607,0.5370170616626792,0.45992195130258534,1.8741625406529154,0.6959866881370544,0.8113729649967685,0.4866879121515167,1.9356322133841088
1,Tur,4,"['B3_3', 'B2_3', 'B1_3', 'LH_B4B5B6']",1,0.4125998914241791,0.6845567630670126,0.46565994381352666,2.0,2.456592559814453,1.593734585980406,0.8891606968681764,1.9817722835425866
2,Tur,4,"['LH_B4B5B6', 'LH_B5B6B7', 'B5_3', 'B5_2']",1,0.5642861127853394,0.8121087980396168,0.6007277173466815,1.836990499290269,0.9438398480415344,0.986336744105065,0.7012088338019213,1.8174456192373405
3,Tur,4,"['LH_B4B5B6', 'LH_B5B6B7', 'B5_3', 'B5_2']",1,0.5962740182876587,0.8289538836195695,0.5824453288053928,1.8342155721979092,1.0224246978759766,1.0278298043495238,0.607351527359358,1.7541140001643922
4,Tur,4,"['LH_B4B5B6', 'LH_B5B6B7', 'B5_3', 'B5_2']",1,0.6814737319946289,0.873648381648181,0.5924825752809797,1.809448631849411,0.3123752176761627,0.5185053019791488,0.3634247626871927,1.8151343727188431
0,Tur,5,"['LH_B2B3B4', 'NR_B3B7', 'NR_B2B7', 'NR_B3B6', 'NR_B1B7']",1,0.09526532143354416,0.5368774678876276,0.46012528852894274,1.8505657129051152,0.6820840835571289,0.8108447138001644,0.48524912099822715,1.9362230317540774
1,Tur,5,"['B3_3', 'B2_3', 'B1_3', 'LH_B4B5B6', 'LH_B5B6B7']",1,0.44257915019989014,0.6845567630670126,0.46565994381352666,2.0,2.646198272705078,1.6441501449581202,0.9040780725458993,1.9948653838797044
2,Tur,5,"['LH_B4B5B6', 'LH_B5B6B7', 'B5_3', 'B5_2', 'B3_3']",1,0.5348477959632874,0.7970054917819809,0.5867931563789095,1.8456090271347816,0.8571946620941162,0.9034373170287503,0.6492468840051048,1.8074030589362173
3,Tur,5,"['LH_B4B5B6', 'LH_B5B6B7', 'B5_3', 'B5_2', 'LH_B2B3B4']",1,0.5971208214759827,0.8350729672504486,0.5935798725094682,1.8141621842491682,0.9207010269165039,0.9831401831699111,0.6040194799563109,1.72343224694973
4,Tur,5,"['LH_B4B5B6', 'LH_B5B6B7', 'B5_3', 'B5_2', 'LH_B2B3B4']",1,0.6426517367362976,0.8555286026715571,0.5933592078895797,1.7911947801989299,0.26228082180023193,0.49659667068499636,0.3662934496736419,1.8191358469962946
0,Tur,6,"['LH_B2B3B4', 'NR_B3B7', 'NR_B2B7', 'NR_B3B6', 'NR_B1B7', 'NR_B3B8A']",1,0.09163219481706619,0.5368989830207643,0.460255464189165,1.8536504053703737,0.6890974640846252,0.8083905450509608,0.4770530539332267,1.9226447301667493
1,Tur,6,"['B3_3', 'B2_3', 'B1_3', 'LH_B4B5B6', 'LH_B5B6B7', 'B3_2']",1,0.4033655822277069,0.684443628518586,0.4651556506186336,1.9839785635310978,2.4940454959869385,1.6078289050379002,0.8931850777808965,1.9847844258799134
2,Tur,6,"['LH_B4B5B6', 'LH_B5B6B7', 'B5_3', 'B5_2', 'B3_3', 'LH_B2B3B4']",1,0.5810249447822571,0.8256528163854412,0.6007408718216539,1.8394117408006603,0.8078699707984924,0.9045939427003862,0.6591856657775512,1.8101225515672121
3,Tur,6,"['LH_B4B5B6', 'LH_B5B6B7', 'B5_3', 'B5_2', 'LH_B2B3B4', 'B3_3']",1,0.6061532497406006,0.8384019221986948,0.5953893073466252,1.8127153686841797,0.9519870281219482,1.0008532421996035,0.6048470079172644,1.7149772675310568
4,Tur,6,"['LH_B4B5B6', 'LH_B5B6B7', 'B5_3', 'B5_2', 'LH_B2B3B4', 'B3_3']",1,0.6514824628829956,0.8607713660933587,0.5960132287844908,1.79180197922877,0.28500431776046753,0.5171733999147786,0.37570485336197573,1.823338811868884
0,Tur,7,"['LH_B2B3B4', 'NR_B3B7', 'NR_B2B7', 'NR_B3B6', 'NR_B1B7', 'NR_B3B8A', 'NR_B1B6']",1,0.08900541812181473,0.5370913361161324,0.46167984800321704,1.8562558281250525,0.7062568068504333,0.8098655749726958,0.48061694268306054,1.9311241907461525
1,Tur,7,"['B3_3', 'B2_3', 'B1_3', 'LH_B4B5B6', 'LH_B5B6B7', 'B3_2', 'B2_2']",1,0.4109911620616913,0.6841494638466927,0.4645148449967024,1.9684104192413754,2.5268921852111816,1.6197456399593337,0.8960993217742617,1.9824121510835893
2,Tur,7,"['LH_B4B5B6', 'LH_B5B6B7', 'B5_3', 'B5_2', 'B3_3', 'LH_B2B3B4', 'B3_2']",1,0.5904126167297363,0.8308415304699316,0.5926072946492883,1.837203042728576,0.7961168885231018,0.87935453949252,0.6407261272674442,1.8173705358687904
3,Tur,7,"['LH_B4B5B6', 'LH_B5B6B7', 'B5_3', 'B5_2', 'LH_B2B3B4', 'B3_3', 'B3_2']",1,0.6521062254905701,0.8633403833320414,0.6256843612146443,1.81644970283789,0.8851923942565918,0.9653107005591173,0.6191656057116429,1.7281863497112635
4,Tur,7,"['LH_B4B5B6', 'LH_B5B6B7', 'B5_3', 'B5_2', 'LH_B2B3B4', 'B3_3', 'B3_2']",1,0.6568964719772339,0.8640894395065731,0.5952094875342894,1.8014020661472498,0.2883555293083191,0.5185244633277571,0.3729488535499468,1.8246362565030176
0,Tur,8,"['LH_B2B3B4', 'NR_B3B7', 'NR_B2B7', 'NR_B3B6', 'NR_B1B7', 'NR_B3B8A', 'NR_B1B6', 'NR_B1B8A']",1,0.09085483849048615,0.536871693276281,0.4615432499425202,1.8443811444671574,0.7165831923484802,0.8107953361246311,0.4821773451804572,1.8967529757647559
1,Tur,8,"['B3_3', 'B2_3', 'B1_3', 'LH_B4B5B6', 'LH_B5B6B7', 'B3_2', 'B2_2', 'B1_2']",1,0.42111968994140625,0.6842747751148156,0.4647285152568964,1.97890185829769,2.308908462524414,1.547162566581133,0.8747175278517222,1.9707535382001757
2,Tur,8,"['LH_B4B5B6', 'LH_B5B6B7', 'B5_3', 'B5_2', 'B3_3', 'LH_B2B3B4', 'B3_2', 'B4_3']",1,0.5232800841331482,0.7910230118987598,0.5962169894002574,1.8376441217625552,0.9918453693389893,0.9534343937549067,0.6832985472947405,1.8196598752088249
3,Tur,8,"['LH_B4B5B6', 'LH_B5B6B7', 'B5_3', 'B5_2', 'LH_B2B3B4', 'B3_3', 'B3_2', 'B4_2']",1,0.6188859939575195,0.8456877929970804,0.6085505594814967,1.8076349217996541,0.9103484153747559,0.9793363339909419,0.6205749910018292,1.7287990193700402
4,Tur,8,"['LH_B4B5B6', 'LH_B5B6B7', 'B5_3', 'B5_2', 'LH_B2B3B4', 'B3_3', 'B3_2', 'B4_2']",1,0.6488610506057739,0.8584655708929596,0.5939309385687747,1.801020759403653,0.25829896330833435,0.49046378003221297,0.3648393754594201,1.8289833695709707
0,Tur,9,"['LH_B2B3B4', 'NR_B3B7', 'NR_B2B7', 'NR_B3B6', 'NR_B1B7', 'NR_B3B8A', 'NR_B1B6', 'NR_B1B8A', 'NR_B2B6']",1,0.09409784525632858,0.536433218663243,0.4601634370040939,1.8354241701560974,0.7020398378372192,0.8140698894450127,0.4916066691253279,1.9014092043913262
1,Tur,9,"['B3_3', 'B2_3', 'B1_3', 'LH_B4B5B6', 'LH_B5B6B7', 'B3_2', 'B2_2', 'B1_2', 'B1']",1,0.4196339249610901,0.684331687568536,0.4647224211561848,1.9776644767930576,2.5039656162261963,1.6057998958334325,0.8921619272424076,1.9823508385399833
2,Tur,9,"['LH_B4B5B6', 'LH_B5B6B7', 'B5_3', 'B5_2', 'B3_3', 'LH_B2B3B4', 'B3_2', 'B4_3', 'B4_2']",1,0.5929609537124634,0.8310509381346117,0.5949113536974453,1.83806651400866,0.7567563056945801,0.8622077313065443,0.6293857608119862,1.8086276300120117
3,Tur,9,"['LH_B4B5B6', 'LH_B5B6B7', 'B5_3', 'B5_2', 'LH_B2B3B4', 'B3_3', 'B3_2', 'B4_2', 'B4_3']",1,0.6227587461471558,0.849044202211079,0.6063305900768401,1.8298943388576743,0.9142715334892273,0.9736761202204122,0.6089866400531884,1.7438256561353078
4,Tur,9,"['LH_B4B5B6', 'LH_B5B6B7', 'B5_3', 'B5_2', 'LH_B2B3B4', 'B3_3', 'B3_2', 'B4_2', 'B4_3']",1,0.6572720408439636,0.8610473668403685,0.5953730083333767,1.8040598147841245,0.21741613745689392,0.45267255407500523,0.3459932397466388,1.8266562965421522
0,Tur,10,"['LH_B2B3B4', 'NR_B3B7', 'NR_B2B7', 'NR_B3B6', 'NR_B1B7', 'NR_B3B8A', 'NR_B1B6', 'NR_B1B8A', 'NR_B2B6', 'NR_B2B8A']",1,0.09600086510181427,0.5364618119034353,0.4609532167949762,1.8428568846638593,0.6938972473144531,0.8160976897587155,0.49653020198420567,1.9032124168093352
1,Tur,10,"['B3_3', 'B2_3', 'B1_3', 'LH_B4B5B6', 'LH_B5B6B7', 'B3_2', 'B2_2', 'B1_2', 'B1', 'NR_B11B3']",1,0.4350295066833496,0.6842286407882193,0.46452375701184045,1.973768093919902,2.501330852508545,1.609263662474504,0.8926534363617404,1.9812722002868821
2,Tur,10,"['LH_B4B5B6', 'LH_B5B6B7', 'B5_3', 'B5_2', 'B3_3', 'LH_B2B3B4', 'B3_2', 'B4_3', 'B4_2', 'B3']",1,0.5664817094802856,0.8199657857160537,0.5870935063833272,1.8426000742811328,0.8325671553611755,0.8787684967789094,0.6381350071567142,1.8157962095805884
3,Tur,10,"['LH_B4B5B6', 'LH_B5B6B7', 'B5_3', 'B5_2', 'LH_B2B3B4', 'B3_3', 'B3_2', 'B4_2', 'B4_3', 'B3']",1,0.6391932964324951,0.850018861927735,0.6072736549334609,1.8235142731033638,0.9184638857841492,0.9742707559688487,0.6124919168534005,1.738482201901319
4,Tur,10,"['LH_B4B5B6', 'LH_B5B6B7', 'B5_3', 'B5_2', 'LH_B2B3B4', 'B3_3', 'B3_2', 'B4_2', 'B4_3', 'B3']",1,0.6357443928718567,0.851483437970611,0.5870628750951152,1.8093084896563296,0.1843901425600052,0.4177188474260474,0.32452068888118657,1.8144170675360698
0,Tur,11,"['LH_B2B3B4', 'NR_B3B7', 'NR_B2B7', 'NR_B3B6', 'NR_B1B7', 'NR_B3B8A', 'NR_B1B6', 'NR_B1B8A', 'NR_B2B6', 'NR_B2B8A', 'Image_Year']",1,0.06766503304243088,0.5368881772559523,0.4621851292553438,1.8381048936265114,0.7030127048492432,0.8119039631719674,0.4854513900233662,1.9031848698939893
1,Tur,11,"['B3_3', 'B2_3', 'B1_3', 'LH_B4B5B6', 'LH_B5B6B7', 'B3_2', 'B2_2', 'B1_2', 'B1', 'NR_B11B3', 'B3']",1,0.41158151626586914,0.6844880055188767,0.46538950680629343,1.990478489064172,2.5684566497802734,1.6266533005309225,0.8988178704593214,1.9895904388362216
2,Tur,11,"['LH_B4B5B6', 'LH_B5B6B7', 'B5_3', 'B5_2', 'B3_3', 'LH_B2B3B4', 'B3_2', 'B4_3', 'B4_2', 'B3', 'B5']",1,0.5552024245262146,0.8189985786333447,0.5879026790008128,1.8382075623176968,0.8331198692321777,0.8833543665992976,0.64372257411637,1.840095550308496
3,Tur,11,"['LH_B4B5B6', 'LH_B5B6B7', 'B5_3', 'B5_2', 'LH_B2B3B4', 'B3_3', 'B3_2', 'B4_2', 'B4_3', 'B3', 'B5']",1,0.6428040862083435,0.8577388244819868,0.6115842577554006,1.8226761988955607,0.8956950306892395,0.9673555858181099,0.6051943727604504,1.7300371972762092
4,Tur,11,"['LH_B4B5B6', 'LH_B5B6B7', 'B5_3', 'B5_2', 'LH_B2B3B4', 'B3_3', 'B3_2', 'B4_2', 'B4_3', 'B3', 'B5']",1,0.6350874304771423,0.8542145687904897,0.5871898625173184,1.8015238182594484,0.2335810363292694,0.4599195589250656,0.33851689045866606,1.817518862404163
0,Tur,12,"['LH_B2B3B4', 'NR_B3B7', 'NR_B2B7', 'NR_B3B6', 'NR_B1B7', 'NR_B3B8A', 'NR_B1B6', 'NR_B1B8A', 'NR_B2B6', 'NR_B2B8A', 'Image_Year', 'NR_B1B11']",1,0.05990418791770935,0.5370936634981126,0.4622160224061207,1.8448357340445203,0.7106280326843262,0.8089172711504746,0.47614873460466933,1.9067258340480517
1,Tur,12,"['B3_3', 'B2_3', 'B1_3', 'LH_B4B5B6', 'LH_B5B6B7', 'B3_2', 'B2_2', 'B1_2', 'B1', 'NR_B11B3', 'B3', 'LH_B2B3B4']",1,0.44495099782943726,0.6845567630670126,0.46565994381352666,2.0,2.5957939624786377,1.6313535326746682,0.9003627075573218,1.9916058488717903
2,Tur,12,"['LH_B4B5B6', 'LH_B5B6B7', 'B5_3', 'B5_2', 'B3_3', 'LH_B2B3B4', 'B3_2', 'B4_3', 'B4_2', 'B3', 'B5', 'B4']",1,0.6114131212234497,0.8469343681749488,0.6104137669213783,1.8352690064105903,0.808046281337738,0.88527740566585,0.6513870288068507,1.814556355199914
3,Tur,12,"['LH_B4B5B6', 'LH_B5B6B7', 'B5_3', 'B5_2', 'LH_B2B3B4', 'B3_3', 'B3_2', 'B4_2', 'B4_3', 'B3', 'B5', 'B4']",1,0.626325786113739,0.8509672630180176,0.610471865188555,1.8290695139462902,0.9334841370582581,0.9759796213717797,0.6119811698298423,1.7474690452042871
4,Tur,12,"['LH_B4B5B6', 'LH_B5B6B7', 'B5_3', 'B5_2', 'LH_B2B3B4', 'B3_3', 'B3_2', 'B4_2', 'B4_3', 'B3', 'B5', 'B4']",1,0.6518236398696899,0.8612263977966085,0.5950185481408321,1.8019640017190117,0.25820252299308777,0.4910695083742293,0.36050235170517897,1.826646119238792
